Posx,Posy,width,height,PosX Kp1,PosX Kp2,PosX Kp3,PosX Kp4,PosX Kp5,PosX Kp6,PosX Kp7,PosX Kp8,PosX Kp9,PosX Kp10,PosX Kp11,PosX Kp12,PosX Kp13,PosX Kp14,PosX Kp15,PosX Kp16,PosX Kp17,PosY Kp1,PosY Kp2,PosY Kp3,PosY Kp4,PosY Kp5,PosY Kp6,PosY Kp7,PosY Kp8,PosY Kp9,PosY Kp10,PosY Kp11,PosY Kp12,PosY Kp13,PosY Kp14,PosY Kp15,PosY Kp16,PosY Kp17,Conf Kp1,Conf Kp2,Conf Kp3,Conf Kp4,Conf Kp5,Conf Kp6,Conf Kp7,Conf Kp8,Conf Kp9,Conf Kp10,Conf Kp11,Conf Kp12,Conf Kp13,Conf Kp14,Conf Kp15,Conf Kp16,Conf Kp17,Label
0.0,0.0,0.0,0.0,0.0,0.0,0.0,0.0,0.0,0.0,0.0,0.0,0.0,0.0,0.0,0.0,0.0,0.0,0.0,0.0,0.0,0.0,0.0,0.0,0.0,0.0,0.0,0.0,0.0,0.0,0.0,0.0,0.0,0.0,0.0,0.0,0.0,0.0,0.0,0.0,0.0,0.0,0.0,0.0,0.0,0.0,0.0,0.0,0.0,0.0,0.0,0.0,0.0,0.0,0.0,0
0.0,0.0,0.0,0.0,0.0,0.0,0.0,0.0,0.0,0.0,0.0,0.0,0.0,0.0,0.0,0.0,0.0,0.0,0.0,0.0,0.0,0.0,0.0,0.0,0.0,0.0,0.0,0.0,0.0,0.0,0.0,0.0,0.0,0.0,0.0,0.0,0.0,0.0,0.0,0.0,0.0,0.0,0.0,0.0,0.0,0.0,0.0,0.0,0.0,0.0,0.0,0.0,0.0,0.0,0.0,0
0.0,0.0,0.0,0.0,0.0,0.0,0.0,0.0,0.0,0.0,0.0,0.0,0.0,0.0,0.0,0.0,0.0,0.0,0.0,0.0,0.0,0.0,0.0,0.0,0.0,0.0,0.0,0.0,0.0,0.0,0.0,0.0,0.0,0.0,0.0,0.0,0.0,0.0,0.0,0.0,0.0,0.0,0.0,0.0,0.0,0.0,0.0,0.0,0.0,0.0,0.0,0.0,0.0,0.0,0.0,0
24.7304744720459,604.1968994140625,49.3969841003418,203.18380737304688,41.533485412597656,0.0,39.898406982421875,0.0,28.40207290649414,0.0,0.0,0.0,0.0,0.0,0.0,0.0,0.0,0.0,0.0,10.269895553588867,0.0,537.5526733398438,0.0,533.087158203125,0.0,528.2473754882812,0.0,0.0,0.0,0.0,0.0,0.0,0.0,0.0,0.0,0.0,672.2901611328125,0.0,0.6180846691131592,0.24960669875144958,0.6729016304016113,0.032255616039037704,0.572455644607544,0.46104860305786133,0.2690337300300598,0.16352945566177368,0.06830128282308578,0.17199216783046722,0.0916275903582573,0.3989444375038147,0.28121834993362427,0.4577293395996094,0.3293917179107666,0.5770333409309387,0.466234415769577,0
32.508453369140625,601.7373046875,64.89674377441406,203.79043579101562,0.0,0.0,59.37898254394531,0.0,47.976436614990234,0.0,0.0,0.0,0.0,0.0,0.0,0.0,0.0,27.987857818603516,28.464473724365234,15.506260871887207,16.660276412963867,0.0,0.0,526.8777465820312,0.0,520.9183959960938,0.0,0.0,0.0,0.0,0.0,0.0,574.9613037109375,575.4257202148438,617.198486328125,619.5198974609375,676.4754638671875,681.7213134765625,0.4625760316848755,0.1363488733768463,0.5469319820404053,0.024969322606921196,0.578701913356781,0.4990537762641907,0.43239346146583557,0.21390831470489502,0.2083529531955719,0.22945603728294373,0.22211244702339172,0.5918905735015869,0.5345471501350403,0.5683354735374451,0.5326788425445557,0.5982187390327454,0.5662055611610413,0
41.48176956176758,600.527587890625,82.8183364868164,209.43017578125,78.75697326660156,0.0,77.54228973388672,0.0,65.8241195678711,53.39776611328125,41.95637893676758,0.0,11.26470947265625,0.0,6.384378433227539,11.12816333770752,0.15009784698486328,49.98278045654297,40.59421920776367,42.005638122558594,25.477436065673828,527.2598266601562,0.0,521.9892578125,0.0,517.1386108398438,531.4197998046875,524.8998413085938,0.0,545.6009521484375,0.0,563.68017578125,575.2677001953125,574.570068359375,615.2932739257812,616.1350708007812,677.0280151367188,681.9234008789062,0.7234892249107361,0.22100450098514557,0.8292569518089294,0.02304893359541893,0.8374221324920654,0.7134743928909302,0.8503545522689819,0.19748958945274353,0.6396869421005249,0.23409821093082428,0.5796022415161133,0.8200451135635376,0.8676373958587646,0.8419479727745056,0.906512439250946,0.8671087622642517,0.9096635580062866,0
50.47681427001953,597.9907836914062,100.80642700195312,214.151611328125,96.23977661132812,0.0,94.98290252685547,0.0,82.40791320800781,66.85313415527344,56.86814880371094,0.0,20.083343505859375,0.0,14.028493881225586,25.60894775390625,17.906612396240234,63.65525436401367,64.84616088867188,50.283565521240234,52.90281677246094,523.301025390625,0.0,517.189697265625,0.0,511.46759033203125,528.877685546875,520.1089477539062,0.0,545.3307495117188,0.0,575.6895141601562,571.4554443359375,569.814697265625,615.391845703125,614.1845703125,676.573486328125,679.2456665039062,0.5880654454231262,0.10919858515262604,0.748521625995636,0.01638873666524887,0.8674490451812744,0.7674227952957153,0.9549059271812439,0.25625479221343994,0.9310243129730225,0.32144835591316223,0.8833600878715515,0.9253764748573303,0.9683653116226196,0.9180812239646912,0.9751359224319458,0.8985932469367981,0.9580947160720825,0
62.32476806640625,594.6987915039062,116.25740051269531,219.1923828125,113.51321411132812,0.0,112.20105743408203,0.0,99.11622619628906,86.36994934082031,71.73374938964844,0.0,36.57004165649414,0.0,30.000062942504883,45.6453971862793,35.01560974121094,76.79061126708984,78.6187744140625,61.37668991088867,65.00684356689453,518.6644287109375,0.0,512.4517822265625,0.0,506.44451904296875,524.5049438476562,517.8619384765625,0.0,547.9094848632812,0.0,579.8377685546875,571.198974609375,570.3602294921875,619.2886962890625,619.7374267578125,679.6312255859375,684.9901123046875,0.7880924344062805,0.20375695824623108,0.9013733863830566,0.02229689247906208,0.9486117959022522,0.9052454233169556,0.9865832924842834,0.3737245500087738,0.972855269908905,0.40689486265182495,0.9382308125495911,0.965008556842804,0.9869791269302368,0.9416942000389099,0.9845008850097656,0.9096679091453552,0.965997576713562,0
77.88764190673828,591.8723754882812,120.98468780517578,227.05148315429688,132.23744201660156,0.0,130.7589111328125,0.0,116.75672149658203,105.9610595703125,89.39224243164062,84.88813781738281,61.32879638671875,89.4591293334961,63.631473541259766,69.07608032226562,54.86452102661133,101.62220764160156,87.7900390625,96.12705993652344,71.92375946044922,511.27178955078125,0.0,505.38079833984375,0.0,499.9747314453125,519.1826171875,512.7240600585938,554.3565673828125,544.8787231445312,575.2689208984375,568.7106323242188,569.2149658203125,568.6563720703125,617.7279052734375,618.7879638671875,678.317626953125,684.0049438476562,0.8380200266838074,0.23829799890518188,0.9302200078964233,0.019971128553152084,0.9622194766998291,0.9426549077033997,0.9888945817947388,0.5055065751075745,0.9737376570701599,0.5245856046676636,0.9447149634361267,0.9790111184120178,0.9906719923019409,0.966617226600647,0.9890649318695068,0.9428634643554688,0.9747955799102783,0
95.82746887207031,588.5587158203125,120.62432861328125,234.49871826171875,148.64053344726562,0.0,147.29811096191406,0.0,134.78347778320312,125.0753173828125,106.48322296142578,107.8406982421875,81.441162109375,109.62797546386719,84.71025085449219,86.06484985351562,70.33765411376953,123.49174499511719,104.71891784667969,118.05377197265625,89.39079284667969,504.12030029296875,0.0,498.7408447265625,0.0,493.98590087890625,512.6555786132812,506.74090576171875,550.6817626953125,541.4014282226562,574.901611328125,570.536376953125,566.224365234375,565.6528930664062,615.5812377929688,616.258544921875,679.856689453125,684.9625854492188,0.7777653336524963,0.16679905354976654,0.8971092104911804,0.015692679211497307,0.9531914591789246,0.9454377293586731,0.9885799288749695,0.5942460894584656,0.9797207117080688,0.6075634360313416,0.9572979807853699,0.983081042766571,0.9922939538955688,0.9677650928497314,0.9892712831497192,0.9326355457305908,0.9696410298347473,0
115.28047180175781,585.4149780273438,119.34109497070312,241.11593627929688,164.43170166015625,0.0,162.01271057128906,0.0,149.255859375,148.87432861328125,122.67784118652344,136.17202758789062,108.81028747558594,139.6019287109375,124.51636505126953,108.04202270507812,87.45993041992188,144.0447998046875,121.33259582519531,133.8288116455078,112.18502807617188,496.3552551269531,0.0,490.7654113769531,0.0,486.71099853515625,506.44158935546875,501.58502197265625,546.57958984375,540.97021484375,577.4371337890625,575.4541015625,559.8553466796875,559.6253662109375,612.6073608398438,614.0012817382812,678.3711547851562,682.90576171875,0.829045295715332,0.32040876150131226,0.8785228729248047,0.05025695264339447,0.9123212695121765,0.9774771332740784,0.9897056818008423,0.8459914922714233,0.9729160666465759,0.8141870498657227,0.9482747316360474,0.9915568828582764,0.993970513343811,0.9810953140258789,0.9893562197685242,0.9454835653305054,0.9638559818267822,0
134.64564514160156,582.3218994140625,116.54334259033203,248.69906616210938,180.2000274658203,0.0,178.40724182128906,0.0,165.5081329345703,162.0897674560547,138.60536193847656,154.39312744140625,122.30708312988281,161.0266876220703,132.71279907226562,125.54023742675781,106.69132995605469,159.91639709472656,138.18023681640625,156.57786560058594,125.21942138671875,490.18731689453125,0.0,483.957763671875,0.0,479.49993896484375,502.94482421875,497.02880859375,541.5196533203125,536.2088623046875,570.4177856445312,570.8650512695312,560.119140625,559.6715698242188,611.687744140625,612.9588623046875,676.59716796875,681.7864379882812,0.8629896640777588,0.27275246381759644,0.9223200678825378,0.027264542877674103,0.9553189277648926,0.9843109250068665,0.9937059283256531,0.8816109895706177,0.9874706864356995,0.8683223724365234,0.9762818217277527,0.9942730069160461,0.9963821172714233,0.9844977259635925,0.9923129677772522,0.9482308030128479,0.9683437347412109,0
153.2500762939453,581.5585327148438,111.8624496459961,253.38919067382812,195.23043823242188,0.0,193.80654907226562,0.0,182.71429443359375,178.9349365234375,157.20489501953125,174.7694091796875,146.72457885742188,187.53883361816406,168.8911590576172,148.56204223632812,131.06103515625,175.85751342773438,152.24044799804688,170.34286499023438,139.63235473632812,485.13079833984375,0.0,479.64385986328125,0.0,476.65191650390625,499.33294677734375,495.8563232421875,537.32421875,534.3408813476562,561.0641479492188,560.6826171875,560.559814453125,560.5570068359375,618.8489990234375,619.87158203125,680.7114868164062,684.3712158203125,0.7518737316131592,0.29524558782577515,0.7830272316932678,0.07609876245260239,0.8286734223365784,0.9706116318702698,0.9875763654708862,0.846987247467041,0.9737457036972046,0.8384188413619995,0.9565274715423584,0.9934717416763306,0.9957234859466553,0.9905291199684143,0.9949363470077515,0.9707794189453125,0.9816509485244751,0
177.44078063964844,577.815185546875,116.77991485595703,263.4631652832031,217.00729370117188,0.0,215.18743896484375,0.0,202.21609497070312,202.10467529296875,173.82351684570312,201.41661071777344,169.739990234375,217.55593872070312,202.51004028320312,169.7884979248047,147.8769989013672,192.393310546875,168.80494689941406,188.11703491210938,159.56985473632812,477.7909240722656,0.0,471.77911376953125,0.0,468.4163818359375,491.4147033691406,489.8707275390625,528.3941650390625,533.0933837890625,553.9814453125,554.2424926757812,555.4912719726562,557.0571899414062,615.2009887695312,619.50830078125,677.8334350585938,686.4464721679688,0.6461697220802307,0.13024675846099854,0.7548596262931824,0.028472265228629112,0.9049663543701172,0.9818305373191833,0.9926093220710754,0.8933004140853882,0.9877614974975586,0.8767493367195129,0.9763163924217224,0.9967054724693298,0.9979180693626404,0.9933559894561768,0.9966347813606262,0.9713341593742371,0.9825432300567627,0
201.00762939453125,576.7196044921875,122.36827087402344,266.5369567871094,231.9320526123047,0.0,230.00094604492188,0.0,216.90921020507812,218.79864501953125,187.86965942382812,221.354248046875,179.8704833984375,244.92333984375,217.05374145507812,190.95738220214844,168.27012634277344,208.27432250976562,182.41000366210938,203.26947021484375,171.9871063232422,476.05303955078125,0.0,469.8853454589844,0.0,465.17138671875,490.16864013671875,485.1856384277344,524.9832763671875,525.9754638671875,540.7801513671875,540.3890991210938,554.809814453125,553.66064453125,617.1233520507812,617.8833618164062,681.564453125,686.3754272460938,0.8157421946525574,0.3033105731010437,0.8278651237487793,0.07206933200359344,0.8698213696479797,0.9744012951850891,0.9878881573677063,0.9160829186439514,0.9794806241989136,0.928885817527771,0.9769822359085083,0.9940472841262817,0.9958034157752991,0.9915902018547058,0.994810938835144,0.9759056568145752,0.9822720289230347,0
224.65093994140625,575.39794921875,129.45042419433594,270.746337890625,250.6703338623047,0.0,248.20965576171875,0.0,235.58712768554688,236.6761474609375,211.5181884765625,238.03916931152344,205.61279296875,267.04473876953125,246.83248901367188,209.0289306640625,190.29779052734375,222.72930908203125,198.7034912109375,218.01779174804688,192.0255126953125,473.2533874511719,0.0,467.40301513671875,0.0,462.6605529785156,485.9488220214844,481.36138916015625,519.074462890625,518.6135864257812,528.8563232421875,526.3643798828125,553.522705078125,552.7877807617188,618.2685546875,621.2550659179688,681.8589477539062,687.6630859375,0.8456127643585205,0.31322553753852844,0.8648133277893066,0.06582926213741302,0.8920410871505737,0.9691030383110046,0.9919173121452332,0.8317529559135437,0.9819893836975098,0.8423171043395996,0.9747709631919861,0.9940190315246582,0.9970501661300659,0.9933962225914001,0.9972678422927856,0.9842821955680847,0.991389811038971,0
247.5481414794922,575.035400390625,133.38119506835938,274.76031494140625,269.2731628417969,0.0,267.05303955078125,0.0,254.04039001464844,254.66249084472656,228.4974365234375,262.1498718261719,227.44476318359375,293.0440368652344,265.16424560546875,231.4547119140625,212.04135131835938,240.8965301513672,215.8807373046875,237.40200805664062,204.82949829101562,470.5687255859375,0.0,464.4947509765625,0.0,459.2523193359375,484.59808349609375,478.3413391113281,514.291748046875,511.2474365234375,521.2904663085938,518.2908935546875,550.5924072265625,549.6345825195312,616.4542846679688,619.0487060546875,678.42529296875,685.5166625976562,0.8371496796607971,0.3802907168865204,0.8638090491294861,0.09724154323339462,0.8840103149414062,0.9685665965080261,0.9902790188789368,0.864167332649231,0.9803394675254822,0.8563146591186523,0.9685074090957642,0.9921512603759766,0.9956865906715393,0.988721489906311,0.9946061968803406,0.9768880605697632,0.9859936237335205,0
270.5982360839844,573.668701171875,137.88182067871094,276.1279296875,285.3776550292969,0.0,283.4915466308594,0.0,270.69854736328125,276.01361083984375,247.21612548828125,287.5360107421875,254.27880859375,315.8258056640625,288.0264892578125,249.78558349609375,228.36424255371094,259.45489501953125,234.75302124023438,251.32217407226562,221.801513671875,471.4366149902344,0.0,465.345947265625,0.0,458.865966796875,483.78826904296875,473.90252685546875,511.13140869140625,499.5746154785156,511.49273681640625,502.0798645019531,552.515625,549.37109375,619.1838989257812,619.3560180664062,682.3453369140625,687.7283325195312,0.909518837928772,0.4606301188468933,0.9109405875205994,0.0770147442817688,0.8952051997184753,0.9830001592636108,0.9907566905021667,0.9350802898406982,0.9820150136947632,0.9482599496841431,0.9825848340988159,0.9962647557258606,0.9972662925720215,0.996242880821228,0.9976171851158142,0.9895763397216797,0.9920825958251953,0
292.6194152832031,572.8179931640625,143.28273010253906,275.801513671875,304.42010498046875,0.0,302.5494079589844,0.0,290.2873229980469,288.2050476074219,269.04925537109375,306.6451416015625,284.15985107421875,339.58599853515625,318.53155517578125,265.01873779296875,249.5155029296875,272.44842529296875,255.02000427246094,265.44921875,241.5635986328125,469.283447265625,0.0,463.73455810546875,0.0,458.7338562011719,480.6400146484375,474.24029541015625,504.73626708984375,496.23724365234375,504.1158447265625,500.12548828125,551.4203491210938,549.2830200195312,619.3269653320312,617.1162109375,684.1002197265625,684.537109375,0.8198707699775696,0.3812772035598755,0.8476715087890625,0.11259421706199646,0.8692277669906616,0.9631543159484863,0.9860922694206238,0.869159996509552,0.9757440090179443,0.8967385292053223,0.9732757210731506,0.9918573498725891,0.9950252175331116,0.9899619817733765,0.9945743680000305,0.9766146540641785,0.9845579266548157,0
313.6002502441406,573.9328002929688,150.30006408691406,276.7906494140625,325.53619384765625,0.0,323.4872131347656,0.0,310.60162353515625,313.9694519042969,289.1321105957031,335.3207702636719,289.58673095703125,365.3094482421875,319.30877685546875,286.0941162109375,269.0106201171875,289.03662109375,271.5993347167969,277.89300537109375,256.8670959472656,469.634521484375,0.0,463.55511474609375,0.0,458.6671142578125,484.2104187011719,476.2894287109375,506.0038146972656,499.4498291015625,500.7840270996094,495.01202392578125,556.8505859375,554.1468505859375,622.3378295898438,622.2633056640625,683.3750610351562,687.2872924804688,0.8884362578392029,0.38486143946647644,0.885256826877594,0.06986970454454422,0.891190230846405,0.9860883355140686,0.9905237555503845,0.9523634910583496,0.9821565747261047,0.9589844346046448,0.9825727939605713,0.9964853525161743,0.9971074461936951,0.995815098285675,0.9969536066055298,0.9865917563438416,0.9886194467544556,0
334.3452453613281,574.0880737304688,156.08770751953125,275.0577087402344,345.2569580078125,0.0,343.26519775390625,0.0,331.3939208984375,333.93902587890625,306.44659423828125,362.0484313964844,317.23809814453125,390.2661437988281,348.6855163574219,306.0604553222656,287.42059326171875,306.9806213378906,288.25604248046875,293.01763916015625,274.2547607421875,471.68951416015625,0.0,466.0308837890625,0.0,460.54833984375,483.14947509765625,474.14117431640625,500.450927734375,489.79949951171875,491.889892578125,488.2808532714844,555.5453491210938,552.4112548828125,622.560791015625,620.7249145507812,683.8430786132812,686.6790771484375,0.8383159041404724,0.32677337527275085,0.8315370082855225,0.08645274490118027,0.8795957565307617,0.9881483912467957,0.9919642210006714,0.9584523439407349,0.9839609861373901,0.958698034286499,0.9809199571609497,0.9976043105125427,0.9980044960975647,0.9968048334121704,0.9976387023925781,0.988848090171814,0.9905444383621216,0
352.9096374511719,575.227783203125,160.7333984375,274.88580322265625,365.1197814941406,0.0,364.026123046875,0.0,353.0247802734375,346.44366455078125,329.5831298828125,380.4394226074219,351.23248291015625,410.48858642578125,386.0841979980469,316.3149108886719,305.33489990234375,319.31683349609375,311.7436828613281,302.26513671875,292.67962646484375,475.28900146484375,0.0,469.22412109375,0.0,462.1317443847656,483.00726318359375,474.73114013671875,500.88848876953125,489.9029846191406,487.5227966308594,482.7691650390625,556.2032470703125,553.4822998046875,623.710205078125,621.0763549804688,684.6300048828125,687.5504150390625,0.7532243132591248,0.23477396368980408,0.741205632686615,0.08921966701745987,0.8473306894302368,0.9827145934104919,0.9874604940414429,0.9487748742103577,0.9782778024673462,0.9453216791152954,0.9731018543243408,0.9947256445884705,0.9955184459686279,0.9918842315673828,0.9939355254173279,0.9736810326576233,0.9774258732795715,0
372.3907165527344,577.3585205078125,164.93603515625,275.35345458984375,387.84759521484375,0.0,386.19219970703125,0.0,374.23748779296875,371.32086181640625,345.6097412109375,404.1622009277344,353.4001770019531,429.82989501953125,386.6165771484375,340.88409423828125,323.0616455078125,345.5964660644531,328.82806396484375,333.581298828125,307.8289794921875,476.93603515625,0.0,471.08868408203125,0.0,464.12835693359375,484.32269287109375,474.6522216796875,501.1978454589844,487.73382568359375,485.40118408203125,484.0826416015625,559.1694946289062,556.2174682617188,622.896728515625,622.61669921875,684.4450073242188,691.7600708007812,0.690143883228302,0.2171398252248764,0.6928933262825012,0.08779143542051315,0.8251250386238098,0.9770743250846863,0.9861012101173401,0.9387891888618469,0.9777697920799255,0.9342240691184998,0.9685371518135071,0.9951698184013367,0.9960899353027344,0.9920631051063538,0.9942755103111267,0.9757847785949707,0.9800074696540833,0
391.70928955078125,578.8051147460938,165.15554809570312,274.1072998046875,408.11993408203125,0.0,406.700439453125,0.0,395.47650146484375,390.27191162109375,370.0767822265625,423.8875732421875,390.0211486816406,452.00244140625,425.7890625,355.84796142578125,341.7195129394531,359.974365234375,348.48675537109375,342.9595947265625,328.0011291503906,479.185546875,0.0,473.1041564941406,0.0,465.81976318359375,486.64117431640625,476.5914001464844,504.8099670410156,488.544921875,485.7562255859375,481.8759765625,558.4769287109375,555.3648681640625,623.9965209960938,624.1558837890625,684.1686401367188,690.4658813476562,0.739143431186676,0.2236311137676239,0.7465876340866089,0.07664822787046432,0.8506808280944824,0.976127028465271,0.9879647493362427,0.9256143569946289,0.9803491234779358,0.9241359233856201,0.9726072549819946,0.9939444661140442,0.9956653714179993,0.9904948472976685,0.9940756559371948,0.9711573123931885,0.978405237197876,1
410.9439697265625,580.3910522460938,163.71591186523438,271.5476989746094,431.4104919433594,0.0,430.29730224609375,0.0,418.653076171875,408.1879577636719,389.43389892578125,447.3234558105469,413.2614440917969,469.27545166015625,450.09722900390625,373.5278015136719,360.320556640625,377.15838623046875,369.85626220703125,360.48291015625,351.4212341308594,485.8944091796875,0.0,479.73211669921875,0.0,470.7860412597656,485.3561096191406,480.812744140625,502.78411865234375,497.34857177734375,492.7606201171875,489.91937255859375,559.67919921875,558.8026733398438,622.9593505859375,625.44775390625,685.22119140625,693.5546875,0.6944746375083923,0.20540229976177216,0.6980186700820923,0.07594437152147293,0.8088739514350891,0.9612689018249512,0.9814468622207642,0.9071258306503296,0.9761793613433838,0.9264891743659973,0.9728297591209412,0.9895500540733337,0.9925609230995178,0.9842140674591064,0.9899880290031433,0.9532268643379211,0.964534342288971,0
429.3875732421875,583.3450927734375,164.24697875976562,265.8606262207031,452.3581237792969,0.0,451.16107177734375,0.0,440.93719482421875,425.2916564941406,416.32379150390625,459.56866455078125,444.8253173828125,485.71868896484375,479.1182556152344,384.66046142578125,377.634033203125,393.0892639160156,390.671875,372.1210632324219,368.9367370605469,490.66033935546875,0.0,485.2108154296875,0.0,478.2237548828125,488.12530517578125,487.5927429199219,515.438232421875,515.7503662109375,505.5362548828125,501.94586181640625,560.06787109375,560.8328857421875,625.5206909179688,629.3684692382812,684.6635131835938,695.9661865234375,0.6680940389633179,0.16045251488685608,0.6870716214179993,0.07427414506673813,0.8484832644462585,0.9606101512908936,0.9873633980751038,0.8435841798782349,0.9774676561355591,0.8483279943466187,0.9659572839736938,0.988281786441803,0.9934543371200562,0.9826793670654297,0.9917765855789185,0.9521034955978394,0.9704563021659851,2
448.5486145019531,585.153076171875,163.64373779296875,260.9625244140625,475.2491455078125,0.0,474.560302734375,0.0,463.36480712890625,444.5332946777344,437.4535217285156,471.22540283203125,458.0606689453125,503.33062744140625,499.3243103027344,401.1632080078125,394.93133544921875,413.33966064453125,412.73663330078125,391.39044189453125,389.4580078125,496.26324462890625,0.0,489.8830261230469,0.0,481.6358642578125,495.06243896484375,492.7066650390625,521.9541625976562,519.8515625,516.6323852539062,514.705810546875,560.2791748046875,560.076171875,625.9932250976562,627.3681640625,686.8209228515625,695.6732177734375,0.7475125789642334,0.21112841367721558,0.7937751412391663,0.0651315376162529,0.8723616003990173,0.9320960640907288,0.986961841583252,0.7040783762931824,0.976796567440033,0.7511924505233765,0.9654836058616638,0.9801730513572693,0.991548478603363,0.9759938716888428,0.9914820194244385,0.9479126334190369,0.9743924736976624,0
467.37652587890625,587.4718017578125,163.90231323242188,255.7684326171875,495.1881103515625,0.0,494.7392578125,0.0,483.97430419921875,468.1175537109375,460.93682861328125,489.1454772949219,475.33172607421875,521.3392333984375,514.030517578125,420.812255859375,414.2807922363281,436.13421630859375,434.17706298828125,413.7900695800781,411.23236083984375,500.8350830078125,0.0,494.48675537109375,0.0,486.5673828125,500.34075927734375,498.13446044921875,528.9129638671875,531.3839111328125,525.91748046875,525.9204711914062,561.5569458007812,560.6982421875,626.5762939453125,627.1619262695312,686.1111450195312,693.949462890625,0.8197068572044373,0.25714752078056335,0.8530485033988953,0.061568524688482285,0.8991492986679077,0.9508196115493774,0.9878447651863098,0.7466334104537964,0.9743029475212097,0.7788755297660828,0.9644798636436462,0.9806051254272461,0.9906824827194214,0.9763908386230469,0.9907404184341431,0.9468268156051636,0.9715708494186401,0
485.6802978515625,591.6617431640625,165.16964721679688,249.79434204101562,517.9005737304688,0.0,518.0543212890625,0.0,508.8245544433594,488.5765380859375,484.4384765625,507.4058532714844,500.8442687988281,540.07958984375,537.0130615234375,437.1444091796875,433.02813720703125,455.00518798828125,453.9049072265625,435.05535888671875,431.7239990234375,508.4107360839844,0.0,502.5035705566406,0.0,494.8839111328125,506.27374267578125,506.4873046875,538.4219360351562,546.2938842773438,532.5537719726562,530.0344848632812,560.8375854492188,560.9370727539062,626.47314453125,627.1680297851562,686.6929931640625,693.5901489257812,0.7503209710121155,0.25145554542541504,0.777961015701294,0.1026151180267334,0.8554128408432007,0.9475790858268738,0.9857611060142517,0.7638287544250488,0.9717952013015747,0.7565260529518127,0.9537084698677063,0.974052906036377,0.9870924949645996,0.9603806734085083,0.9838480353355408,0.9179462790489197,0.9550207257270813,0
503.180908203125,595.5770874023438,162.9283447265625,241.55923461914062,540.4461669921875,0.0,540.1302490234375,0.0,530.1018676757812,504.12298583984375,504.3011474609375,516.013671875,516.5068359375,552.0057983398438,553.4453735351562,451.7933349609375,449.6532897949219,475.20465087890625,476.1971740722656,456.63568115234375,453.0735168457031,513.94189453125,0.0,508.21893310546875,0.0,500.619140625,509.93475341796875,511.5931091308594,543.912353515625,551.555908203125,541.848388671875,543.9468383789062,563.8143310546875,565.270263671875,626.2630615234375,629.2640991210938,687.77197265625,694.0240478515625,0.6927518844604492,0.20295779407024384,0.7602818608283997,0.08525532484054565,0.8670785427093506,0.9110106825828552,0.9877188205718994,0.5987973213195801,0.9758051037788391,0.5962558388710022,0.9493635892868042,0.9687305688858032,0.9887190461158752,0.9553530216217041,0.986628532409668,0.9234554171562195,0.9670757055282593,0
519.997802734375,599.6380615234375,161.26181030273438,233.14682006835938,560.2133178710938,0.0,559.8184204101562,0.0,549.140869140625,523.4194946289062,527.047607421875,533.15185546875,531.2194213867188,568.6605834960938,568.028564453125,468.9482116699219,470.0395202636719,494.04046630859375,497.903076171875,474.94476318359375,474.8436584472656,519.1770629882812,0.0,513.1158447265625,0.0,507.8607177734375,521.901123046875,521.973876953125,556.430908203125,560.8239135742188,553.1614990234375,553.9091186523438,569.4644775390625,570.240966796875,626.7649536132812,628.4515991210938,686.8504638671875,693.63818359375,0.7302659749984741,0.24135828018188477,0.7843998670578003,0.09402652829885483,0.8527339100837708,0.9070719480514526,0.9784330129623413,0.6236251592636108,0.9599027037620544,0.6755092144012451,0.9484800696372986,0.955328643321991,0.9797660708427429,0.9455801248550415,0.9802970886230469,0.9015151858329773,0.9502317905426025,0
536.8804321289062,603.7999267578125,156.57577514648438,226.07827758789062,581.4414672851562,0.0,581.8377685546875,0.0,571.9986572265625,541.9385986328125,546.9747924804688,0.0,541.6917724609375,0.0,582.44921875,485.5745849609375,487.106201171875,512.3699951171875,516.044189453125,496.53302001953125,498.48651123046875,529.04443359375,0.0,522.7178955078125,0.0,514.718505859375,525.191650390625,526.3173828125,0.0,566.8871459960938,0.0,564.6893310546875,569.552734375,571.1870727539062,629.533203125,633.13916015625,693.1019287109375,702.156982421875,0.632587730884552,0.16059525310993195,0.7330668568611145,0.07631872594356537,0.8685098886489868,0.8710090517997742,0.9846037030220032,0.45940789580345154,0.9694945812225342,0.49063485860824585,0.9441084265708923,0.9600890278816223,0.9869268536567688,0.9545045495033264,0.9880664348602295,0.9245052933692932,0.9703813195228577,3
554.47021484375,607.2778930664062,152.02609252929688,218.1962890625,604.6119384765625,0.0,604.1363525390625,0.0,592.6173706054688,566.8082275390625,567.2432861328125,0.0,559.5693969726562,598.8777465820312,597.7329711914062,507.3483581542969,505.2403564453125,535.3844604492188,536.0946044921875,522.235595703125,520.95654296875,533.0914916992188,0.0,527.1856079101562,0.0,520.2291259765625,529.5844116210938,530.4979248046875,0.0,574.014404296875,577.5966796875,575.615478515625,570.7976684570312,571.9771118164062,629.2503662109375,631.351806640625,691.8780517578125,698.0208129882812,0.7602242827415466,0.2133442461490631,0.8326758742332458,0.060445964336395264,0.9010047316551208,0.8923081159591675,0.9869879484176636,0.494157612323761,0.9718492031097412,0.5495642423629761,0.9519656300544739,0.9593433737754822,0.9862126111984253,0.9527015686035156,0.9869319796562195,0.916027307510376,0.9655317068099976,0
570.3402709960938,611.522216796875,146.254150390625,213.44058227539062,624.4029541015625,0.0,624.2030639648438,0.0,613.2442016601562,586.6826782226562,589.4786376953125,0.0,576.234130859375,612.2174072265625,612.7645874023438,529.8259887695312,529.4093017578125,557.6322021484375,558.1220703125,546.0046997070312,545.7735595703125,541.2467651367188,0.0,535.2957763671875,0.0,528.5374755859375,535.7039794921875,537.2943115234375,0.0,577.4912109375,590.2623901367188,591.9012451171875,571.3436279296875,573.224365234375,627.9378051757812,630.6678466796875,689.634765625,698.0611572265625,0.7702019214630127,0.212362602353096,0.8349666595458984,0.0585130900144577,0.8911078572273254,0.8819094300270081,0.983337938785553,0.4593850374221802,0.9644564390182495,0.524122953414917,0.9491506814956665,0.9522212147712708,0.9835050702095032,0.9590745568275452,0.9890707731246948,0.940592348575592,0.9762019515037537,0
587.2258911132812,614.666015625,140.695068359375,209.84158325195312,642.0774536132812,0.0,641.4146728515625,0.0,631.720947265625,609.301025390625,606.481201171875,596.455322265625,595.2942504882812,620.3291625976562,620.615966796875,551.558837890625,547.4833984375,583.062255859375,584.063720703125,567.3052978515625,568.401123046875,547.1097412109375,0.0,540.19384765625,0.0,532.2080688476562,543.2281494140625,542.1431884765625,582.065673828125,583.2471313476562,601.614013671875,603.689697265625,578.1348876953125,578.5742797851562,629.7789306640625,632.41064453125,687.9276123046875,696.51806640625,0.8757025003433228,0.22973796725273132,0.931074321269989,0.024656571447849274,0.9695963263511658,0.9755282998085022,0.9933050274848938,0.7519059181213379,0.9865432977676392,0.7842302322387695,0.9765371084213257,0.9894217848777771,0.9944456815719604,0.9828306436538696,0.9935199618339539,0.951432466506958,0.9761783480644226,0
606.5059814453125,617.7523193359375,137.97589111328125,205.98065185546875,661.0338134765625,0.0,661.70556640625,0.0,653.0133056640625,624.1092529296875,626.269287109375,612.0977783203125,610.735595703125,627.6265258789062,625.95751953125,568.80517578125,567.1176147460938,605.1818237304688,603.2289428710938,594.69580078125,589.6439208984375,553.5840454101562,0.0,548.0069580078125,0.0,539.5648193359375,542.8002319335938,545.4138793945312,586.984130859375,585.7738647460938,615.4590454101562,618.0579833984375,578.1898193359375,580.7472534179688,628.7363891601562,634.1341552734375,691.0322265625,699.7326049804688,0.7366629838943481,0.21382635831832886,0.7754495739936829,0.07745050638914108,0.8689680099487305,0.9330356121063232,0.9820512533187866,0.7423699498176575,0.9667812585830688,0.7755087614059448,0.9559227228164673,0.9717768430709839,0.9855382442474365,0.9700804948806763,0.9872532486915588,0.9448203444480896,0.9686312079429626,0
627.0570068359375,619.0889892578125,137.0181884765625,201.35272216796875,681.9434814453125,0.0,681.4854736328125,0.0,672.3070678710938,645.623779296875,648.0660400390625,0.0,630.9937744140625,0.0,637.4596557617188,589.1568603515625,588.0855712890625,627.912841796875,627.328857421875,617.61279296875,613.76806640625,556.4677124023438,0.0,550.6484375,0.0,542.9730224609375,544.0107421875,550.9442749023438,0.0,586.7608642578125,0.0,618.3148803710938,579.1669311523438,582.7721557617188,628.3565673828125,634.4810791015625,684.21630859375,697.8652954101562,0.7827998995780945,0.11117922514677048,0.8959971070289612,0.010600019246339798,0.9611791968345642,0.8744491338729858,0.9862740635871887,0.3133799731731415,0.9831171035766602,0.4380462169647217,0.967804491519928,0.9601531028747559,0.9873385429382324,0.9464831352233887,0.9888471364974976,0.9116635918617249,0.9723162651062012,0
648.0186767578125,620.1455078125,136.69842529296875,198.47564697265625,702.9750366210938,0.0,703.4171752929688,0.0,693.94873046875,669.0531005859375,667.028564453125,0.0,644.9708862304688,0.0,648.367431640625,611.4925537109375,607.6290283203125,649.630126953125,646.5972290039062,638.1414794921875,636.9301147460938,557.9931640625,0.0,552.3934326171875,0.0,543.8890380859375,539.8587036132812,550.7320556640625,0.0,581.3497314453125,0.0,617.9599609375,576.119140625,580.8416748046875,630.4150390625,634.740478515625,688.860107421875,698.982666015625,0.7927320599555969,0.25663167238235474,0.8805679082870483,0.06962473690509796,0.9222428798675537,0.8252147436141968,0.9887443780899048,0.24057388305664062,0.9676941633224487,0.260892778635025,0.9284380078315735,0.9338037967681885,0.9848997592926025,0.9329878091812134,0.9883737564086914,0.9161123633384705,0.9761907458305359,0
668.7831420898438,622.4568481445312,134.6080322265625,196.23779296875,721.4620361328125,0.0,721.3272705078125,0.0,712.7767944335938,685.733154296875,689.989501953125,0.0,661.656494140625,0.0,661.7520751953125,627.68212890625,628.3191528320312,668.4484252929688,674.6862182617188,655.271728515625,659.600830078125,560.6937255859375,0.0,554.2196044921875,0.0,545.66796875,550.29638671875,551.4209594726562,0.0,585.0338134765625,0.0,620.7224731445312,583.8038330078125,584.789306640625,630.2606811523438,632.8765869140625,684.501953125,694.191162109375,0.8240801095962524,0.2058168202638626,0.902457594871521,0.026861336082220078,0.9495618343353271,0.9005244970321655,0.9862653613090515,0.3277740776538849,0.9701729416847229,0.4217357039451599,0.9433792233467102,0.9608701467514038,0.9855888485908508,0.961005449295044,0.990393340587616,0.9444367289543152,0.9805783033370972,0
689.7365112304688,625.2408447265625,133.8687744140625,200.9864501953125,744.1736450195312,0.0,744.156494140625,0.0,733.8853759765625,706.6470336914062,709.580078125,0.0,679.1393432617188,0.0,671.928466796875,646.7986450195312,648.6409301757812,684.7516479492188,695.6807250976562,666.781005859375,683.8853149414062,558.822265625,0.0,553.02197265625,0.0,543.8262329101562,536.0142822265625,553.7334594726562,0.0,583.3580322265625,0.0,622.0338745117188,575.8997802734375,586.5260009765625,610.4727172851562,634.0172119140625,653.1500244140625,701.4432373046875,0.803906261920929,0.26171213388442993,0.8814566731452942,0.06843505799770355,0.9206843376159668,0.8560073971748352,0.9888947010040283,0.3274129331111908,0.9719770550727844,0.36179009079933167,0.944476842880249,0.9497799873352051,0.9875122904777527,0.9567584991455078,0.9922491312026978,0.9537392854690552,0.9861167073249817,0
711.236083984375,623.5294189453125,132.96258544921875,198.81549072265625,765.30517578125,0.0,765.650146484375,0.0,755.226318359375,728.131591796875,728.435302734375,0.0,691.7944946289062,0.0,680.83544921875,670.17578125,669.4663696289062,708.6995239257812,715.7789306640625,689.1806030273438,698.947265625,556.4729614257812,0.0,550.592041015625,0.0,541.579345703125,537.1618041992188,550.0531005859375,0.0,569.216064453125,0.0,605.7763671875,580.96826171875,587.0791015625,624.3697509765625,634.46435546875,675.6701049804688,698.64990234375,0.7663244605064392,0.22358596324920654,0.8541378974914551,0.0595410093665123,0.9073919653892517,0.8333883285522461,0.9861088395118713,0.3170928657054901,0.9660476446151733,0.3407679498195648,0.9318362474441528,0.9333603382110596,0.9823881983757019,0.9185279607772827,0.9832242727279663,0.8897175788879395,0.963478147983551,4
731.805419921875,620.1035766601562,131.33050537109375,199.4559326171875,783.978515625,0.0,784.1844482421875,0.0,775.66748046875,748.9664306640625,750.938720703125,0.0,714.8408813476562,0.0,698.0069580078125,691.4804077148438,690.151611328125,734.6416015625,737.9803466796875,718.4058837890625,722.5609130859375,554.368896484375,0.0,548.8876342773438,0.0,539.0451049804688,530.2186889648438,546.482177734375,0.0,571.2730712890625,0.0,605.995361328125,580.0982666015625,587.0023193359375,625.0914916992188,634.3095703125,681.13525390625,698.3215942382812,0.6839240789413452,0.1817648708820343,0.761530339717865,0.07590212672948837,0.8732984662055969,0.8797522187232971,0.9844794869422913,0.4882708191871643,0.9651508927345276,0.48427584767341614,0.9331275820732117,0.9509814381599426,0.9836185574531555,0.9341737031936646,0.9822792410850525,0.89454585313797,0.9572768211364746,0
752.369384765625,618.44091796875,131.43267822265625,201.77069091796875,805.974853515625,0.0,806.0890502929688,0.0,797.29443359375,771.20849609375,769.9478759765625,0.0,730.6005859375,0.0,716.6744384765625,711.8697509765625,708.11962890625,749.054443359375,754.4235229492188,733.6361083984375,744.4794921875,552.7129516601562,0.0,547.1499633789062,0.0,538.5269775390625,534.764892578125,543.8523559570312,0.0,562.91845703125,0.0,596.2664794921875,574.1256713867188,578.96923828125,620.8118896484375,633.7083740234375,673.4835815429688,700.9036254882812,0.7512096762657166,0.2284204661846161,0.8053930401802063,0.07725793868303299,0.8604381680488586,0.8452785015106201,0.9832072257995605,0.39029911160469055,0.9632066488265991,0.42762789130210876,0.9419107437133789,0.9261969327926636,0.9784866571426392,0.9210554361343384,0.9821516275405884,0.8972819447517395,0.9631165266036987,0
773.3104248046875,616.4146728515625,130.17523193359375,205.3526611328125,824.413818359375,0.0,824.0238037109375,0.0,814.4482421875,791.1798706054688,785.9385986328125,0.0,745.3035888671875,0.0,728.3909912109375,739.243408203125,733.958984375,774.7058715820312,773.5888671875,761.325439453125,760.50048828125,547.755859375,0.0,542.6854248046875,0.0,533.4973754882812,529.2083740234375,538.4835205078125,0.0,557.7778930664062,0.0,594.8978881835938,575.0104370117188,579.6022338867188,627.0706787109375,633.53857421875,683.0655517578125,698.3705444335938,0.7732716202735901,0.2819712460041046,0.8336928486824036,0.07205310463905334,0.8443711400032043,0.7879524230957031,0.9822309613227844,0.3106258511543274,0.9631589651107788,0.35554003715515137,0.9352961182594299,0.9135419130325317,0.9773706197738647,0.8940247893333435,0.9770650863647461,0.8742843270301819,0.9576535224914551,0
794.611328125,614.4012451171875,130.41217041015625,210.7025146484375,847.616943359375,0.0,847.507568359375,0.0,837.643310546875,808.7811279296875,809.7213134765625,0.0,769.86328125,0.0,752.0809936523438,756.5570678710938,753.344482421875,792.294189453125,793.6796264648438,778.8873291015625,782.099365234375,540.9690551757812,0.0,535.3017578125,0.0,528.2950439453125,531.9776611328125,535.432861328125,0.0,554.5902099609375,0.0,590.60693359375,577.8360595703125,580.0242919921875,628.021240234375,632.108154296875,687.4125366210938,698.6405639648438,0.782103419303894,0.25146302580833435,0.8406299948692322,0.07859619706869125,0.8832891583442688,0.8420320749282837,0.9841302037239075,0.3497335910797119,0.9620774388313293,0.3883121609687805,0.9401174783706665,0.9131969213485718,0.9753744006156921,0.9050078988075256,0.9783450365066528,0.8771274089813232,0.9557400941848755,0
816.4906616210938,611.3236083984375,129.205322265625,217.33270263671875,868.3526611328125,0.0,867.6948852539062,0.0,856.4082641601562,832.8790283203125,829.8060302734375,0.0,792.1854248046875,0.0,775.670654296875,782.8383178710938,779.30908203125,813.0162963867188,812.933837890625,800.7782592773438,800.1123046875,532.7327880859375,0.0,527.387939453125,0.0,519.4011840820312,525.1695556640625,526.9663696289062,0.0,543.624267578125,0.0,583.2925415039062,574.3903198242188,575.83544921875,630.63525390625,632.8434448242188,691.049072265625,699.3150634765625,0.7705433964729309,0.24172021448612213,0.842802107334137,0.055074531584978104,0.8700986504554749,0.7859096527099609,0.9831109046936035,0.2941325306892395,0.9654020071029663,0.3412463665008545,0.9393808245658875,0.9151909351348877,0.9785667657852173,0.9003986120223999,0.9790918231010437,0.8807542324066162,0.9605389833450317,0
837.171875,607.8355712890625,126.11822509765625,224.41690063476562,888.270751953125,0.0,887.89306640625,0.0,878.9404296875,853.4595947265625,849.7149658203125,0.0,808.0127563476562,0.0,802.1541137695312,803.9691162109375,800.35693359375,829.082763671875,828.9380493164062,812.919921875,812.8681640625,526.5772094726562,0.0,520.946044921875,0.0,512.9971923828125,521.1971435546875,521.1832275390625,0.0,543.5331420898438,0.0,581.6091918945312,572.5995483398438,572.9378051757812,631.5516357421875,630.4950561523438,694.084716796875,697.767578125,0.7028456330299377,0.21290619671344757,0.7900515198707581,0.07797258347272873,0.8739742636680603,0.8109879493713379,0.9857274889945984,0.28812792897224426,0.964629590511322,0.2995437681674957,0.925003707408905,0.9246636629104614,0.9810065031051636,0.8935425877571106,0.9771596789360046,0.8392373919487,0.9453161358833313,0
857.4309692382812,603.6309814453125,122.3175048828125,231.66156005859375,908.4656982421875,0.0,908.4564208984375,0.0,899.0906982421875,870.8741455078125,873.969970703125,0.0,841.5309448242188,0.0,830.1743774414062,823.1395263671875,824.2608032226562,842.80322265625,845.5603637695312,830.58251953125,834.9193115234375,518.0980224609375,0.0,512.2463989257812,0.0,505.7996520996094,518.671142578125,515.721923828125,0.0,539.2123413085938,0.0,571.7979736328125,567.822265625,566.63623046875,631.2664794921875,630.304443359375,694.1656494140625,699.3450927734375,0.6256320476531982,0.17180122435092926,0.7294929623603821,0.08540110290050507,0.8637648820877075,0.8282297253608704,0.9852375388145447,0.34097737073898315,0.9661617875099182,0.33954301476478577,0.9289337396621704,0.9508705139160156,0.9871383309364319,0.9418492913246155,0.9872045516967773,0.9138056635856628,0.9705928564071655,5
878.556640625,599.6741943359375,120.28955078125,240.23873901367188,928.651611328125,0.0,927.3360595703125,0.0,915.9025268554688,891.0682373046875,888.707275390625,0.0,852.1715698242188,0.0,860.7349853515625,844.6873168945312,842.25,863.7244873046875,864.2638549804688,851.9962158203125,851.8258666992188,508.76800537109375,0.0,503.232421875,0.0,496.9909973144531,510.57586669921875,510.5421142578125,0.0,540.587890625,0.0,581.443359375,566.3782958984375,567.5399169921875,630.4111328125,631.7581787109375,692.73583984375,699.2738037109375,0.6517671346664429,0.1582900434732437,0.7259939908981323,0.05769292265176773,0.8397923111915588,0.8331934809684753,0.9838007092475891,0.4026549160480499,0.9692163467407227,0.4199114143848419,0.940061628818512,0.9432067275047302,0.9837421178817749,0.9212186932563782,0.9807170033454895,0.885290265083313,0.9572532176971436,0
898.9127197265625,595.9283447265625,115.56524658203125,249.28912353515625,946.4110107421875,0.0,945.150390625,0.0,935.9190673828125,909.332275390625,913.4185180664062,0.0,882.5628662109375,0.0,891.330322265625,858.40771484375,859.2702026367188,881.9163818359375,884.5783081054688,865.288818359375,866.8639526367188,501.1844787597656,0.0,494.7637939453125,0.0,489.990478515625,504.8302001953125,502.2718505859375,0.0,534.9716796875,0.0,567.8394775390625,562.2022705078125,560.974609375,628.568603515625,627.57470703125,689.740478515625,696.0379638671875,0.7034667730331421,0.06587764620780945,0.8599123358726501,0.00604490889236331,0.9592382907867432,0.8681680560112,0.9879998564720154,0.3499278128147125,0.9904274940490723,0.4858602285385132,0.9814573526382446,0.9744282364845276,0.9927927255630493,0.9482206106185913,0.9897683262825012,0.8712479472160339,0.960011899471283,0
919.0628662109375,592.5963745117188,112.53826904296875,255.3087158203125,965.126953125,0.0,964.1937255859375,0.0,955.269775390625,930.32421875,931.430908203125,0.0,903.7647705078125,0.0,923.9791259765625,886.9375,886.1892700195312,900.4129638671875,901.26123046875,883.5272827148438,881.6912841796875,493.35040283203125,0.0,487.64349365234375,0.0,483.02923583984375,498.50164794921875,497.26116943359375,0.0,530.5808715820312,0.0,561.7015380859375,558.0586547851562,558.3843994140625,625.940673828125,628.7916870117188,690.8967895507812,699.1179809570312,0.6745381951332092,0.1761450469493866,0.7614654302597046,0.07682107388973236,0.8832854628562927,0.8681149482727051,0.9878801703453064,0.387215256690979,0.9705225825309753,0.38353288173675537,0.936828076839447,0.9541851282119751,0.987260103225708,0.9370976686477661,0.9852715730667114,0.8958243727684021,0.9621657133102417,0
937.746337890625,589.093994140625,110.16229248046875,262.06329345703125,984.740234375,0.0,983.2428588867188,0.0,973.3160400390625,952.0438232421875,949.8543701171875,0.0,925.96044921875,0.0,953.861572265625,913.5245361328125,910.693359375,919.64306640625,920.1725463867188,901.785888671875,900.1133422851562,486.9200439453125,0.0,481.0637512207031,0.0,477.2142333984375,494.7232666015625,491.4559020996094,0.0,527.800537109375,0.0,555.0938720703125,558.8515014648438,558.319091796875,626.0146484375,627.3143920898438,689.4151000976562,696.8807373046875,0.6573688983917236,0.1207423284649849,0.7393192648887634,0.045108675956726074,0.8827254772186279,0.8527060151100159,0.9874517321586609,0.34025394916534424,0.9709588885307312,0.35144853591918945,0.9418575167655945,0.947880744934082,0.9864882826805115,0.939437747001648,0.9871820211410522,0.9081835150718689,0.9691252708435059,0
956.21484375,585.8411865234375,111.42242431640625,269.724609375,1001.5640258789062,0.0,1000.9634399414062,0.0,991.9890747070312,966.9120483398438,967.0283203125,0.0,950.1366577148438,0.0,982.8226318359375,933.4030151367188,932.197998046875,935.7208251953125,933.9329833984375,922.0816040039062,913.665283203125,481.2875061035156,0.0,475.58148193359375,0.0,470.2566833496094,487.65582275390625,485.3627014160156,0.0,525.2615966796875,0.0,546.2697143554688,555.9747924804688,555.8927001953125,624.7701416015625,625.7186279296875,688.2960205078125,694.5745849609375,0.6047038435935974,0.13949595391750336,0.6881437301635742,0.07875534892082214,0.866620659828186,0.8890946507453918,0.9895071387290955,0.46299856901168823,0.9764629006385803,0.4237523376941681,0.9412876963615417,0.9647414088249207,0.9900734424591064,0.9471917748451233,0.9872588515281677,0.9166258573532104,0.9695493578910828,0
977.6378784179688,583.3464965820312,121.3062744140625,275.1564636230469,1018.9916381835938,0.0,1017.4942016601562,0.0,1007.3541259765625,983.5790405273438,985.2935791015625,0.0,976.8299560546875,0.0,1012.6754150390625,952.12890625,952.2646484375,952.5496826171875,955.764404296875,934.8680419921875,933.378173828125,477.70318603515625,0.0,471.85565185546875,0.0,465.92449951171875,483.6356201171875,483.28497314453125,0.0,523.092529296875,0.0,540.324951171875,555.5951538085938,556.5625,625.9489135742188,627.5922241210938,690.4135131835938,695.9014892578125,0.6192916035652161,0.16327834129333496,0.7174768447875977,0.08557087928056717,0.8642532229423523,0.8515602946281433,0.9896120429039001,0.34799888730049133,0.9760974645614624,0.30936571955680847,0.9318384528160095,0.9529399275779724,0.9887256026268005,0.9278038740158081,0.9850737452507019,0.8931651711463928,0.9653447866439819,0
999.498046875,580.79443359375,132.67083740234375,279.08099365234375,1035.2347412109375,0.0,1034.2540283203125,0.0,1025.3077392578125,1003.774658203125,1006.8134765625,1005.046630859375,1004.658935546875,1037.627197265625,1042.3765869140625,974.879150390625,975.70947265625,971.1864624023438,974.1377563476562,950.96142578125,950.660888671875,474.0352783203125,0.0,467.7977294921875,0.0,463.6945495605469,481.86004638671875,482.38330078125,520.9369506835938,524.4969482421875,531.4558715820312,532.91259765625,554.7017822265625,555.4693603515625,623.8583984375,624.91162109375,685.60302734375,691.9686889648438,0.6365997791290283,0.1352367103099823,0.6870701313018799,0.06988779455423355,0.8524314165115356,0.8997652530670166,0.985507607460022,0.5272916555404663,0.9700189828872681,0.521030068397522,0.9453023076057434,0.956718921661377,0.985181450843811,0.9373840093612671,0.9819291830062866,0.8830006718635559,0.9497540593147278,0
1021.7999877929688,578.6155395507812,144.0728759765625,281.757568359375,1055.763916015625,0.0,1054.3984375,0.0,1044.1790771484375,1022.0538330078125,1024.2496337890625,0.0,1033.0716552734375,0.0,1071.26416015625,994.89453125,994.518798828125,989.9954833984375,992.0747680664062,968.6489868164062,965.39990234375,471.93414306640625,0.0,465.9442138671875,0.0,461.18609619140625,477.47308349609375,477.5234069824219,0.0,518.2779541015625,0.0,523.2528076171875,551.8965454101562,552.3377075195312,622.1865844726562,623.173828125,686.5321655273438,691.2504272460938,0.6492114663124084,0.13698093593120575,0.7326996922492981,0.06534312665462494,0.8915318846702576,0.8964170217514038,0.9910842180252075,0.46055400371551514,0.9796832203865051,0.45378097891807556,0.9518963098526001,0.9696643352508545,0.9917819499969482,0.9609353542327881,0.9909155964851379,0.9308193325996399,0.9754292964935303,0
1043.654052734375,578.8241577148438,154.24658203125,283.2994689941406,1075.329833984375,0.0,1073.711669921875,0.0,1064.71435546875,1041.795654296875,1044.8076171875,0.0,1056.0389404296875,0.0,1097.2420654296875,1015.8382568359375,1016.407958984375,1007.9122924804688,1009.8330078125,984.990966796875,984.8519897460938,470.4437255859375,0.0,464.77276611328125,0.0,462.56671142578125,476.5731201171875,479.2977294921875,0.0,511.35992431640625,0.0,516.5047607421875,553.1710205078125,554.825927734375,623.2538452148438,624.32177734375,684.8916625976562,692.1209716796875,0.6045318841934204,0.1045190617442131,0.6816007494926453,0.06284074485301971,0.8926957845687866,0.9090739488601685,0.9908459782600403,0.47454726696014404,0.9774817824363708,0.4735459089279175,0.9517610669136047,0.9723516702651978,0.9920001029968262,0.9653512835502625,0.9915567636489868,0.9362789392471313,0.9764093160629272,0
1064.3760986328125,577.96484375,160.79052734375,283.10198974609375,1092.960693359375,0.0,1091.7554931640625,0.0,1082.497802734375,1062.111083984375,1064.28173828125,0.0,1082.346923828125,0.0,1119.83984375,1038.806640625,1037.908935546875,1031.7713623046875,1031.109130859375,1005.8543701171875,999.712158203125,470.8744812011719,0.0,465.0617980957031,0.0,459.83953857421875,474.3519287109375,475.6430969238281,0.0,505.5032043457031,0.0,507.75799560546875,549.3702392578125,549.9608154296875,619.818359375,620.8373413085938,681.7164306640625,687.4750366210938,0.6203944683074951,0.1283157914876938,0.7136359810829163,0.07061964273452759,0.8932788968086243,0.9000259041786194,0.9923503994941711,0.43288302421569824,0.9809023141860962,0.3941141664981842,0.9474286437034607,0.9731855988502502,0.9932467937469482,0.9622024297714233,0.9918777942657471,0.9320347309112549,0.9773387312889099,0
1085.5941162109375,577.7114868164062,170.28533935546875,281.5840148925781,1115.507080078125,0.0,1113.65185546875,0.0,1104.0548095703125,1090.6884765625,1084.2000732421875,1119.6234130859375,1104.61328125,1147.7532958984375,1140.1265869140625,1059.28515625,1053.635009765625,1051.053466796875,1050.418212890625,1024.1708984375,1019.3885498046875,470.15313720703125,0.0,464.6747131347656,0.0,460.33319091796875,477.808837890625,474.5400390625,501.70111083984375,497.7669982910156,494.82733154296875,498.0128173828125,553.9052734375,552.4544677734375,623.5185546875,622.5540771484375,684.60546875,689.3038330078125,0.6093879342079163,0.15460903942584991,0.6664696335792542,0.08683261275291443,0.8505827784538269,0.9292003512382507,0.9884058237075806,0.7030733227729797,0.9793857932090759,0.7006583213806152,0.9586043953895569,0.9809232950210571,0.9925259351730347,0.9709991216659546,0.9899188280105591,0.9361416697502136,0.9695547223091125,0
1106.36767578125,578.0308227539062,175.8392333984375,280.2236633300781,0.0,0.0,0.0,0.0,1126.6365966796875,1106.9730224609375,1108.434326171875,1140.1414794921875,1132.680908203125,1168.662353515625,1165.77978515625,1074.536865234375,1074.5595703125,1066.3797607421875,1070.880126953125,1039.1025390625,1037.853271484375,0.0,0.0,0.0,0.0,460.4071044921875,476.38946533203125,476.5194091796875,503.6737976074219,503.3399963378906,495.3263854980469,497.9902038574219,552.4046020507812,552.5030517578125,623.2348022460938,623.9298095703125,685.3049926757812,690.965576171875,0.447920560836792,0.0742625966668129,0.45937857031822205,0.07136267423629761,0.8085557222366333,0.9486948847770691,0.9871527552604675,0.8046262860298157,0.9786363840103149,0.8004913330078125,0.9622443914413452,0.9869308471679688,0.9936267137527466,0.9796782732009888,0.991184651851654,0.9431713223457336,0.9676140546798706,0
1126.3375244140625,578.52001953125,179.849365234375,278.93731689453125,1159.7962646484375,0.0,1158.8277587890625,0.0,1149.33984375,1127.944091796875,1127.9659423828125,1157.49609375,1151.6728515625,1187.8302001953125,1182.5850830078125,1092.81640625,1091.50146484375,1088.12353515625,1090.02099609375,1060.655517578125,1056.6343994140625,476.7232360839844,0.0,470.6150207519531,0.0,463.26751708984375,479.3394470214844,475.28692626953125,503.3277282714844,493.599365234375,493.5103454589844,490.42578125,554.83544921875,553.5700073242188,625.6024780273438,625.55224609375,687.1998291015625,691.7555541992188,0.576971173286438,0.13530930876731873,0.6091504096984863,0.07844278216362,0.8181153535842896,0.9383094906806946,0.9842879772186279,0.8003780841827393,0.9764049053192139,0.8099161982536316,0.9605449438095093,0.9827427864074707,0.9913582801818848,0.9738166928291321,0.9881014823913574,0.9350730776786804,0.9618017673492432,0
1147.8978271484375,575.4791870117188,181.948486328125,283.6246337890625,0.0,0.0,0.0,0.0,1173.2425537109375,1149.4302978515625,1151.1661376953125,1185.7269287109375,1177.0457763671875,1214.588134765625,1211.0196533203125,1109.843994140625,1109.916015625,1106.37060546875,1108.9638671875,1078.1553955078125,1076.7490234375,0.0,0.0,0.0,0.0,464.1407775878906,481.9705810546875,481.3380432128906,505.0479736328125,500.8150634765625,494.91082763671875,494.0626220703125,556.0942993164062,556.0220336914062,626.2241821289062,626.9906005859375,686.9144897460938,693.3607788085938,0.3566932678222656,0.051023852080106735,0.33807408809661865,0.07278481870889664,0.7811981439590454,0.9636214375495911,0.9851490259170532,0.8970893621444702,0.9792230129241943,0.8995311856269836,0.9693314433097839,0.9909260272979736,0.9941902160644531,0.985831081867218,0.9918417930603027,0.9553536772727966,0.9684754610061646,0
1169.4658203125,572.3990478515625,182.0111083984375,287.9438781738281,0.0,0.0,0.0,0.0,1191.9796142578125,1165.3936767578125,1176.0125732421875,1190.42529296875,1205.90380859375,1216.5478515625,1234.214111328125,1128.957763671875,1133.82958984375,1128.152587890625,1131.1217041015625,1100.714111328125,1097.3394775390625,0.0,0.0,0.0,0.0,471.3179931640625,474.521240234375,487.6297607421875,480.4878845214844,512.5108642578125,484.0953369140625,498.8315734863281,551.26904296875,555.5557250976562,624.5236206054688,625.9515380859375,685.6983032226562,693.1405029296875,0.42695340514183044,0.07251407206058502,0.47649267315864563,0.07907302677631378,0.8321572542190552,0.9335036873817444,0.9901392459869385,0.6791384816169739,0.980014443397522,0.6418464183807373,0.9519765377044678,0.9858184456825256,0.9946900606155396,0.9763312935829163,0.9921063184738159,0.9382573366165161,0.971321702003479,0
1191.656982421875,574.8829345703125,183.8277587890625,287.5611877441406,1221.1650390625,0.0,1220.9169921875,0.0,1214.662109375,1189.37353515625,1197.69091796875,1202.104736328125,1226.7120361328125,1223.84423828125,1259.254638671875,1149.4669189453125,1151.5413818359375,1152.5120849609375,1155.4742431640625,1122.505859375,1122.0648193359375,488.12554931640625,0.0,482.79736328125,0.0,475.7904968261719,484.9814453125,489.98822021484375,498.033447265625,513.0794067382812,489.9044494628906,500.4731140136719,557.2244873046875,558.5410766601562,628.9443969726562,627.501708984375,686.5126953125,693.335205078125,0.5093146562576294,0.10916361212730408,0.5399799346923828,0.12365061044692993,0.8584210276603699,0.9681267142295837,0.9910707473754883,0.8333127498626709,0.9785279631614685,0.7977592945098877,0.9563105702400208,0.9913699626922607,0.9954439401626587,0.9841641783714294,0.9925204515457153,0.9529841542243958,0.9716280102729797,0
1213.784423828125,584.4161987304688,185.7193603515625,274.1856994628906,1246.333984375,0.0,1246.408203125,0.0,1239.0303955078125,1201.136474609375,1224.615234375,1166.417236328125,1246.56884765625,1162.79150390625,1280.94970703125,1162.42626953125,1171.330810546875,1172.147216796875,1174.515869140625,1145.952880859375,1138.69287109375,495.00335693359375,0.0,490.3151550292969,0.0,483.9264221191406,485.8985595703125,496.9085693359375,488.9889221191406,529.5501098632812,469.49090576171875,513.0001220703125,556.572021484375,558.9083251953125,627.1302490234375,628.2219848632812,688.157958984375,693.6085205078125,0.5286187529563904,0.11477528512477875,0.5303910970687866,0.11516550928354263,0.8299989700317383,0.9687737226486206,0.9872921705245972,0.8846001029014587,0.9760311245918274,0.8383234143257141,0.9521285891532898,0.987025797367096,0.9919171929359436,0.9722650051116943,0.9845153093338013,0.9216649532318115,0.945875883102417,0
1235.880615234375,591.1718139648438,183.7562255859375,261.5462646484375,1268.1917724609375,0.0,1267.848388671875,0.0,1260.0863037109375,1229.1302490234375,1241.693359375,0.0,1270.447265625,0.0,1300.237548828125,1185.421630859375,1187.9461669921875,1195.468017578125,1195.1787109375,1167.6722412109375,1165.33740234375,501.32415771484375,0.0,495.7627258300781,0.0,488.9632873535156,496.9285583496094,503.20465087890625,0.0,531.4656982421875,0.0,516.94677734375,563.3687744140625,565.3440551757812,632.6009521484375,632.5579833984375,690.1361694335938,696.9903564453125,0.5524647235870361,0.12487617135047913,0.6476724147796631,0.10045148432254791,0.8745152950286865,0.8990216851234436,0.9926436543464661,0.4225098192691803,0.9788985848426819,0.3741140067577362,0.9369376301765442,0.9775852560997009,0.994228720664978,0.968237578868866,0.9927720427513123,0.937613308429718,0.9783666729927063,0
1255.66015625,596.3593139648438,176.9901123046875,251.45053100585938,0.0,0.0,1288.9503173828125,0.0,1284.0494384765625,1251.9111328125,1264.25634765625,1267.6463623046875,1283.529296875,0.0,1315.2568359375,1199.8060302734375,1206.2349853515625,1213.584716796875,1219.171630859375,1188.9287109375,1187.75830078125,0.0,0.0,502.739013671875,0.0,496.4769287109375,502.0553283691406,508.05682373046875,532.21484375,546.7946166992188,0.0,531.0777587890625,563.7492065429688,565.7045288085938,631.4068603515625,633.0792236328125,690.1109619140625,697.7078857421875,0.4849613904953003,0.1044696494936943,0.5473288297653198,0.12127473205327988,0.8440483808517456,0.9208118319511414,0.9900721311569214,0.5420812964439392,0.975507915019989,0.4479789435863495,0.9299660325050354,0.9687641263008118,0.9899498224258423,0.9414207935333252,0.9848344326019287,0.8882710337638855,0.9563305974006653,0
1275.863525390625,600.2841186523438,170.9432373046875,245.1007080078125,0.0,0.0,1310.3770751953125,0.0,1305.1627197265625,1276.560791015625,1286.413818359375,1297.158447265625,1299.867431640625,1328.8232421875,1332.7696533203125,1217.95947265625,1221.7989501953125,1234.89599609375,1239.4637451171875,1212.27587890625,1211.6005859375,0.0,0.0,506.7044677734375,0.0,502.0531311035156,504.9229736328125,517.2332153320312,530.73681640625,554.9266357421875,536.081298828125,541.6808471679688,565.5913696289062,570.3260498046875,633.5833740234375,636.1669311523438,692.556884765625,700.9879760742188,0.4696836769580841,0.0980367511510849,0.5284370183944702,0.10761900991201401,0.845193088054657,0.9291295409202576,0.9901098608970642,0.6286192536354065,0.9772927761077881,0.6073668003082275,0.9481095671653748,0.9819242358207703,0.9933700561523438,0.9735614061355591,0.9918495416641235,0.941382110118866,0.9744418263435364,0
1296.582275390625,602.9781494140625,167.2769775390625,240.16888427734375,0.0,0.0,0.0,0.0,1326.8372802734375,1294.86767578125,1306.0201416015625,0.0,1325.01220703125,0.0,1358.26953125,1239.7137451171875,1245.102294921875,1259.71142578125,1263.2662353515625,1238.958740234375,1237.18408203125,0.0,0.0,0.0,0.0,509.29754638671875,515.4179077148438,521.367431640625,0.0,562.1806640625,0.0,548.361083984375,567.842041015625,570.1478271484375,632.861083984375,635.7159423828125,689.7471923828125,699.5394897460938,0.4277138411998749,0.08263619989156723,0.4966701567173004,0.10131199657917023,0.8194673657417297,0.8889625668525696,0.9884977340698242,0.4374503493309021,0.9734101295471191,0.3599074184894562,0.9247259497642517,0.961879312992096,0.989090621471405,0.9373158812522888,0.9860042929649353,0.8936425447463989,0.9628654718399048,0
1315.8173828125,606.1930541992188,166.558349609375,233.74069213867188,0.0,0.0,1353.267822265625,0.0,1345.9874267578125,1314.7802734375,1324.4351806640625,1327.20263671875,1334.7254638671875,0.0,1374.5400390625,1254.941650390625,1259.01611328125,1278.9017333984375,1283.259765625,1257.0716552734375,1258.545654296875,0.0,0.0,522.61962890625,0.0,514.6229858398438,521.2952880859375,525.587646484375,559.6801147460938,565.6845092773438,0.0,560.4029541015625,571.4503173828125,573.9803466796875,634.7713623046875,637.2061767578125,694.6051025390625,703.2540893554688,0.49438604712486267,0.12278923392295837,0.5882810950279236,0.11494513601064682,0.8435335755348206,0.8989627361297607,0.9869548678398132,0.5259173512458801,0.9712790846824646,0.497141569852829,0.9347099661827087,0.9713567495346069,0.9900259971618652,0.9585630893707275,0.9881673455238342,0.9204433560371399,0.9669549465179443,0
1332.49755859375,609.7671508789062,161.6214599609375,224.04879760742188,1375.876708984375,0.0,1375.120361328125,0.0,1366.424072265625,1336.9984130859375,1345.1474609375,0.0,1348.8717041015625,0.0,1385.5189208984375,1277.83056640625,1280.8095703125,1302.88232421875,1305.880615234375,1285.1507568359375,1283.469482421875,532.122802734375,0.0,527.02392578125,0.0,521.7330932617188,529.0916748046875,534.108642578125,0.0,575.8355712890625,0.0,575.6182861328125,574.5185546875,577.3427734375,634.3707885742188,636.5750732421875,692.4844970703125,699.8750610351562,0.5152971744537354,0.11142479628324509,0.6109681725502014,0.08523622900247574,0.8530000448226929,0.8787645101547241,0.9879531860351562,0.4417653977870941,0.9726587533950806,0.4334790110588074,0.9361936450004578,0.9668243527412415,0.9899235367774963,0.9566015005111694,0.9891887903213501,0.9224269390106201,0.9710337519645691,1
1346.509033203125,613.332763671875,151.6944580078125,217.24978637695312,0.0,0.0,1393.3857421875,0.0,1387.8013916015625,1355.7001953125,1365.51806640625,0.0,1360.123779296875,0.0,1396.9073486328125,1296.6962890625,1300.6766357421875,1324.474365234375,1328.634765625,1309.45556640625,1309.501220703125,0.0,0.0,536.2354736328125,0.0,528.839599609375,530.9583129882812,538.9227294921875,0.0,586.1043701171875,0.0,588.2276611328125,573.2254638671875,577.5884399414062,633.9530029296875,637.326171875,694.4896240234375,703.3865966796875,0.4471927583217621,0.08583944290876389,0.5217590928077698,0.0855090543627739,0.8284317851066589,0.8867433667182922,0.9869562387466431,0.47586554288864136,0.971215546131134,0.46072033047676086,0.9351951479911804,0.9675196409225464,0.9895755052566528,0.9594538807868958,0.9895350337028503,0.9265760779380798,0.9717507362365723,0
1365.637939453125,617.2562866210938,149.3807373046875,210.88589477539062,1414.7784423828125,0.0,1414.86181640625,0.0,1408.9443359375,1379.94970703125,1387.1387939453125,1380.0714111328125,1385.05615234375,1410.0435791015625,1414.388671875,1320.13916015625,1322.2559814453125,1346.7879638671875,1350.390625,1331.7667236328125,1332.011474609375,546.9614868164062,0.0,541.73681640625,0.0,534.8672485351562,541.94140625,544.0673828125,586.633544921875,587.2055053710938,601.1827392578125,600.359130859375,580.0210571289062,581.4927978515625,636.5404663085938,637.5975952148438,697.4312744140625,703.8167724609375,0.6164489984512329,0.177903950214386,0.6553970575332642,0.1156349927186966,0.8369474411010742,0.929536759853363,0.9839200377464294,0.716884970664978,0.9682025909423828,0.7357616424560547,0.948409378528595,0.9730058312416077,0.9869304895401001,0.9652324318885803,0.9855440258979797,0.9284399151802063,0.9607330560684204,0
1384.6715087890625,620.9848022460938,147.253173828125,204.008544921875,1435.9713134765625,0.0,1436.1058349609375,0.0,1429.294677734375,1401.713623046875,1406.861083984375,1393.873046875,1392.9288330078125,1425.1204833984375,1428.571533203125,1336.97607421875,1337.2257080078125,1371.98974609375,1374.0845947265625,1357.490966796875,1357.939697265625,553.457275390625,0.0,547.6506958007812,0.0,542.5556030273438,550.698974609375,551.6853637695312,598.190185546875,599.3283081054688,614.0203247070312,616.4803466796875,582.7587890625,584.0476684570312,633.7277221679688,637.5029907226562,694.6392822265625,704.0447387695312,0.6565810441970825,0.13869081437587738,0.678612232208252,0.0684722512960434,0.8468266725540161,0.9331185817718506,0.9802868962287903,0.7230719327926636,0.9630255103111267,0.7590396404266357,0.9541126489639282,0.9629347324371338,0.9806451201438904,0.9611420035362244,0.9838597774505615,0.9289884567260742,0.9600827693939209,2
1401.2811279296875,623.5595703125,140.46435546875,197.63018798828125,1455.01171875,0.0,1454.0987548828125,0.0,1446.311767578125,1422.849853515625,1424.258544921875,1414.0106201171875,1413.587646484375,1433.59521484375,1430.244873046875,1360.369873046875,1359.9666748046875,1392.182861328125,1394.79345703125,1377.4888916015625,1380.953369140625,559.9099731445312,0.0,553.0552978515625,0.0,545.935546875,552.7599487304688,556.5780029296875,594.7191162109375,601.45654296875,620.0751342773438,627.3744506835938,581.1701049804688,582.7228393554688,635.1874389648438,638.63427734375,691.654296875,701.5629272460938,0.7970988750457764,0.1573125720024109,0.8856685757637024,0.022817229852080345,0.9563543796539307,0.9500648379325867,0.9895031452178955,0.5521926879882812,0.9784195423126221,0.6083113551139832,0.9592341184616089,0.9818809032440186,0.9917083382606506,0.9795017838478088,0.9934110045433044,0.958885133266449,0.9823024868965149,0
1420.828369140625,624.6781005859375,139.4149169921875,193.513916015625,1473.929931640625,0.0,1473.9039306640625,0.0,1466.031982421875,1442.210205078125,1441.895263671875,1429.23876953125,1431.379638671875,1442.377197265625,1443.5135498046875,1378.4962158203125,1375.9296875,1414.437744140625,1415.3682861328125,1404.67529296875,1407.833251953125,565.9933471679688,0.0,559.0701904296875,0.0,549.1310424804688,554.5454711914062,554.7132568359375,595.464111328125,595.0518798828125,629.6068115234375,632.643310546875,583.4508056640625,583.4891967773438,636.5094604492188,637.908447265625,691.9134521484375,699.9232788085938,0.8094123005867004,0.1539236307144165,0.8962902426719666,0.020247453823685646,0.9610557556152344,0.9452974200248718,0.9891208410263062,0.5528168678283691,0.9810678362846375,0.630597710609436,0.9667444825172424,0.9810619950294495,0.9916853904724121,0.9784187078475952,0.9934083223342896,0.9545159935951233,0.9809890389442444,0
1441.29541015625,625.66650390625,139.1131591796875,190.88427734375,1496.327880859375,0.0,1496.81640625,0.0,1490.125,1460.3140869140625,1466.7236328125,0.0,1443.93505859375,0.0,1443.3770751953125,1398.3870849609375,1400.628173828125,1437.24365234375,1439.2509765625,1428.556884765625,1429.363525390625,566.2271118164062,0.0,560.6139526367188,0.0,551.5059204101562,553.03076171875,556.7964477539062,0.0,592.3922729492188,0.0,631.0108642578125,581.7852783203125,584.3442993164062,628.0196533203125,632.8609619140625,685.1849365234375,696.7384033203125,0.7092193365097046,0.21183902025222778,0.7929261326789856,0.08586391061544418,0.8869541883468628,0.8525108695030212,0.9848579168319702,0.39074793457984924,0.9651906490325928,0.410399466753006,0.9334508180618286,0.9395167827606201,0.9818731546401978,0.9388784170150757,0.9855438470840454,0.9199939370155334,0.9710853099822998,3
1461.5301513671875,627.635986328125,137.738525390625,190.82135009765625,1516.47265625,0.0,1517.163330078125,0.0,1510.52001953125,1476.381591796875,1489.3646240234375,0.0,1463.4046630859375,0.0,1454.4720458984375,1415.181884765625,1422.7098388671875,1448.4840087890625,1461.620361328125,1432.0933837890625,1452.0438232421875,566.501708984375,0.0,561.017822265625,0.0,552.5852661132812,550.861083984375,558.9842529296875,0.0,591.2989501953125,0.0,621.0601196289062,579.7144165039062,586.7826538085938,618.653076171875,638.7631225585938,659.1416015625,703.0006713867188,0.6397219300270081,0.16203837096691132,0.7324548363685608,0.09281361103057861,0.8836768269538879,0.8478888869285583,0.9859010577201843,0.34689822793006897,0.9662002921104431,0.34770891070365906,0.9327937960624695,0.9368725419044495,0.9828643798828125,0.9398684501647949,0.9879477620124817,0.9331104755401611,0.977992594242096,0
1482.2701416015625,627.923583984375,137.308837890625,190.285400390625,1535.087646484375,0.0,1536.188232421875,0.0,1530.3553466796875,1496.9844970703125,1508.5927734375,0.0,1480.18408203125,0.0,1470.5484619140625,1434.326416015625,1441.7359619140625,1464.8978271484375,1481.409912109375,1446.05029296875,1469.081787109375,568.9912109375,0.0,563.28759765625,0.0,552.6107177734375,551.9500732421875,555.763671875,0.0,586.12744140625,0.0,620.8883666992188,580.9180908203125,586.43798828125,615.8258666992188,635.1292724609375,653.8131713867188,701.71630859375,0.6321737766265869,0.1769893616437912,0.7213821411132812,0.09640335291624069,0.8588591814041138,0.8094075322151184,0.9834873080253601,0.30177757143974304,0.9636455774307251,0.3052653968334198,0.9251198172569275,0.919548511505127,0.9789785742759705,0.91440749168396,0.9834574460983276,0.9056521058082581,0.9698883295059204,0
1501.55908203125,626.5928344726562,137.8912353515625,188.90380859375,1552.76611328125,0.0,1553.2869873046875,0.0,1547.69873046875,1520.0247802734375,1528.7041015625,0.0,1501.14013671875,0.0,1490.8533935546875,1457.63330078125,1463.8310546875,1486.278564453125,1506.866943359375,1462.220703125,1492.8099365234375,565.1353149414062,0.0,559.447509765625,0.0,549.98046875,551.8546142578125,554.660400390625,0.0,581.2237548828125,0.0,612.3004760742188,580.3091430664062,584.9727172851562,616.0278930664062,636.9725952148438,655.62939453125,700.756103515625,0.6498802900314331,0.1912253350019455,0.7232538461685181,0.11051835864782333,0.8580015301704407,0.8518894910812378,0.9847298264503479,0.3677319288253784,0.9640224575996399,0.3596218228340149,0.9301973581314087,0.9366364479064941,0.982080340385437,0.9350318312644958,0.9864839911460876,0.925041675567627,0.9745591878890991,0
1520.6737060546875,624.7120361328125,144.833984375,192.58563232421875,0.0,0.0,0.0,0.0,1576.045654296875,1540.5084228515625,1555.587646484375,0.0,1521.40966796875,0.0,1500.851806640625,1480.07177734375,1490.663330078125,1501.73046875,1525.436767578125,1475.3050537109375,1512.577880859375,0.0,0.0,0.0,0.0,550.0360107421875,548.9652099609375,553.364013671875,0.0,569.1145629882812,0.0,594.3170776367188,579.3441162109375,585.78759765625,614.3663940429688,638.9260864257812,645.43359375,704.5087890625,0.237881138920784,0.04938889667391777,0.27001965045928955,0.10283485800027847,0.7093197107315063,0.807558000087738,0.9770696759223938,0.3904947340488434,0.9584400057792664,0.33962714672088623,0.9073658585548401,0.9486297965049744,0.9847084283828735,0.9360935688018799,0.9855048060417175,0.9186927080154419,0.9703872799873352,0
1539.69384765625,624.2933349609375,143.496337890625,192.02947998046875,0.0,0.0,0.0,0.0,1596.5643310546875,1563.9547119140625,1574.384765625,0.0,1536.3349609375,0.0,1523.177001953125,1504.0753173828125,1509.87060546875,1534.977783203125,1548.67236328125,1522.4503173828125,1535.554443359375,0.0,0.0,0.0,0.0,547.1106567382812,550.7061157226562,548.2108154296875,0.0,568.0369873046875,0.0,603.560302734375,585.8135986328125,584.050537109375,634.9656372070312,632.767578125,690.04638671875,692.3447265625,0.2957570254802704,0.04704487696290016,0.3368614614009857,0.028664350509643555,0.6522551774978638,0.7396656274795532,0.9274774789810181,0.32071030139923096,0.8950668573379517,0.4117746949195862,0.8509933948516846,0.9406397342681885,0.9701032638549805,0.9548648595809937,0.9827690720558167,0.9415899515151978,0.9716165661811829,0
1559.7205810546875,619.4200439453125,146.31396484375,198.59844970703125,0.0,0.0,0.0,0.0,1608.85693359375,1583.7080078125,1582.921142578125,0.0,1551.844970703125,0.0,1528.596923828125,1527.912353515625,1528.572998046875,1562.0731201171875,1564.7845458984375,1545.9306640625,1549.9749755859375,0.0,0.0,0.0,0.0,540.4052124023438,543.15771484375,544.65576171875,0.0,560.96728515625,0.0,594.448974609375,582.9450073242188,583.9217529296875,627.8759155273438,629.3955078125,686.7117309570312,696.799560546875,0.27170437574386597,0.049870967864990234,0.32075080275535583,0.0918366089463234,0.7586376070976257,0.8594670295715332,0.9812459945678711,0.4907423257827759,0.9648764729499817,0.4503912925720215,0.9221300482749939,0.9591399431228638,0.9864418506622314,0.9390367865562439,0.9836314916610718,0.8936560153961182,0.9574907422065735,0
1581.009765625,616.2940673828125,139.4947509765625,201.06549072265625,0.0,0.0,0.0,0.0,1633.221923828125,1605.95068359375,1611.009033203125,1596.7401123046875,1581.38916015625,1604.97265625,1575.0340576171875,1551.192626953125,1554.4486083984375,1582.34228515625,1588.1484375,1574.672119140625,1578.081298828125,0.0,0.0,0.0,0.0,534.543701171875,543.2056274414062,535.64306640625,577.243896484375,557.979736328125,602.416015625,596.0367431640625,585.1134643554688,581.4208984375,634.6005249023438,629.4491577148438,691.13525390625,689.7176513671875,0.3005722463130951,0.047245122492313385,0.35649970173835754,0.032287392765283585,0.708625853061676,0.8634060621261597,0.9612196087837219,0.5199900269508362,0.9448119401931763,0.5588317513465881,0.9081588387489319,0.9722842574119568,0.9855546951293945,0.9705025553703308,0.9881556034088135,0.944744348526001,0.9715912342071533,0
1603.563232421875,614.0997924804688,136.865478515625,207.97988891601562,1656.7847900390625,0.0,1657.674560546875,0.0,1652.4072265625,1622.5792236328125,1628.1500244140625,0.0,1601.01904296875,0.0,1597.064453125,1567.963623046875,1568.680908203125,1599.789794921875,1603.293701171875,1588.23193359375,1588.890380859375,542.3678588867188,0.0,537.468505859375,0.0,528.455078125,529.029541015625,527.880615234375,0.0,551.126708984375,0.0,584.90869140625,573.9317016601562,574.3262939453125,627.9407958984375,630.7947998046875,692.172607421875,699.055419921875,0.6818212866783142,0.19619327783584595,0.7390862107276917,0.090794637799263,0.8461988568305969,0.8631176948547363,0.9864485859870911,0.41337788105010986,0.9688771367073059,0.42478489875793457,0.9406229257583618,0.9522027373313904,0.9863708019256592,0.9484399557113647,0.9881086945533752,0.9345479607582092,0.977003276348114,0
1625.5628662109375,611.0389404296875,132.58837890625,215.17327880859375,1678.9530029296875,0.0,1679.458740234375,0.0,1671.5087890625,1641.3116455078125,1646.509521484375,0.0,1613.7550048828125,0.0,1602.2889404296875,1591.1005859375,1592.809814453125,1615.656005859375,1621.667236328125,1601.96337890625,1610.95166015625,534.6278686523438,0.0,529.1553955078125,0.0,520.6302490234375,527.2307739257812,527.472900390625,0.0,544.67822265625,0.0,582.4951782226562,576.47802734375,576.9908447265625,632.9556884765625,634.3270874023438,693.8135986328125,699.4736328125,0.7024908065795898,0.1901831328868866,0.7757756114006042,0.07157847285270691,0.872833788394928,0.8563385009765625,0.9873441457748413,0.3911897838115692,0.9704359173774719,0.40742307901382446,0.9425176382064819,0.9537032842636108,0.9874987006187439,0.9471244215965271,0.9880719184875488,0.9321418404579163,0.9765353798866272,0
1647.6500244140625,607.5462646484375,127.017333984375,222.46414184570312,1696.89990234375,0.0,1696.455810546875,0.0,1687.30224609375,1660.7303466796875,1666.013427734375,0.0,1640.50244140625,0.0,1640.3514404296875,1609.04296875,1611.204833984375,1629.718994140625,1638.3226318359375,1614.81298828125,1625.4404296875,528.70947265625,0.0,522.3046875,0.0,514.2828979492188,525.06982421875,518.7540283203125,0.0,538.183837890625,0.0,574.667236328125,575.1473999023438,572.1973876953125,633.979736328125,630.5186157226562,691.178955078125,693.3154296875,0.6677178740501404,0.07969250530004501,0.8101359605789185,0.010767646133899689,0.9343273639678955,0.8512044548988342,0.9826716780662537,0.3531154692173004,0.9833646416664124,0.48210468888282776,0.9703012108802795,0.965305507183075,0.9888185858726501,0.9351853728294373,0.9847878217697144,0.8598717451095581,0.9504478573799133,0
1668.052001953125,603.29541015625,124.3568115234375,229.76861572265625,1716.9246826171875,0.0,1716.304443359375,0.0,1707.76025390625,1679.98193359375,1686.042236328125,0.0,1661.9599609375,1660.18798828125,1669.3978271484375,1625.496826171875,1628.3719482421875,1646.296875,1656.7218017578125,1631.665771484375,1646.20703125,519.9137573242188,0.0,513.8629760742188,0.0,506.51751708984375,515.900146484375,512.2869873046875,0.0,540.9227294921875,576.3524780273438,577.0330810546875,564.7356567382812,562.73486328125,628.8250732421875,626.4541015625,687.8950805664062,691.6760864257812,0.692714273929596,0.07849805802106857,0.8279052376747131,0.011017430573701859,0.949042558670044,0.9027326703071594,0.9871625304222107,0.4421255588531494,0.9860107898712158,0.5489158034324646,0.9738671183586121,0.977959394454956,0.9923049807548523,0.9580975770950317,0.9893626570701599,0.895100474357605,0.9609686732292175,4
1686.1337890625,598.4909057617188,122.1116943359375,236.423828125,1735.3408203125,0.0,1735.407958984375,0.0,1726.874755859375,1699.3758544921875,1705.3560791015625,0.0,1685.11865234375,1694.5089111328125,1696.0830078125,1646.447265625,1649.450927734375,1663.025146484375,1672.94921875,1648.3798828125,1661.857666015625,508.8926696777344,0.0,502.8602600097656,0.0,495.16119384765625,507.5548095703125,502.3248291015625,0.0,535.9279174804688,573.0244140625,573.4591674804688,561.1580200195312,558.1737060546875,628.241943359375,624.8101806640625,688.765625,689.96875,0.5406315326690674,0.07594332844018936,0.6548795104026794,0.023323817178606987,0.8728625774383545,0.8971651196479797,0.9817376732826233,0.4576960802078247,0.9732550382614136,0.5271353721618652,0.9499536156654358,0.9807727336883545,0.9923000335693359,0.9746767282485962,0.9923875331878662,0.9417731761932373,0.9760554432868958,0
1703.755615234375,593.4183959960938,120.7061767578125,246.67477416992188,1751.6357421875,0.0,1751.23388671875,0.0,1743.275634765625,1711.8438720703125,1721.66064453125,0.0,1711.23876953125,0.0,1731.4368896484375,1670.54736328125,1676.85205078125,1677.5701904296875,1692.37939453125,1659.43505859375,1680.019287109375,499.3523254394531,0.0,493.89422607421875,0.0,486.4422607421875,497.9757385253906,498.03082275390625,0.0,531.28662109375,0.0,565.189453125,557.5968017578125,558.4622802734375,630.210205078125,629.7752685546875,693.1006469726562,695.8571166992188,0.555187463760376,0.15106527507305145,0.643663227558136,0.10816352814435959,0.8385137319564819,0.8598821759223938,0.9906160235404968,0.3671988546848297,0.9770373106002808,0.32821229100227356,0.9344375133514404,0.9730287194252014,0.9936581254005432,0.9669334292411804,0.9933338761329651,0.9538459777832031,0.9857224225997925,0
1721.8436279296875,590.1957397460938,122.298828125,253.12924194335938,1769.708251953125,0.0,1769.3455810546875,0.0,1759.122314453125,1729.0411376953125,1743.1644287109375,0.0,1735.9464111328125,0.0,1758.126708984375,1687.35498046875,1696.5853271484375,1692.775390625,1709.376220703125,1674.433837890625,1696.5869140625,494.514404296875,0.0,488.57965087890625,0.0,482.277099609375,494.6492919921875,494.1336669921875,0.0,526.928466796875,0.0,554.71044921875,554.188720703125,554.4462280273438,625.2090454101562,627.324951171875,690.1583251953125,694.577392578125,0.658423125743866,0.14844587445259094,0.7447500228881836,0.06540051847696304,0.8711324334144592,0.8560967445373535,0.9861414432525635,0.36366650462150574,0.969353973865509,0.38298970460891724,0.9437270760536194,0.9625101685523987,0.9898796081542969,0.9640935659408569,0.9922398328781128,0.9477455019950867,0.9822563529014587,0
1741.8023681640625,586.4432373046875,132.272705078125,261.9825744628906,1788.587158203125,0.0,1787.4052734375,0.0,1777.3720703125,1746.1708984375,1759.850341796875,0.0,1758.02294921875,0.0,1786.974853515625,1710.2412109375,1719.739501953125,1711.244384765625,1729.3253173828125,1689.68359375,1710.3819580078125,484.58935546875,0.0,479.27960205078125,0.0,473.21856689453125,486.7012939453125,487.295654296875,0.0,523.9447021484375,0.0,548.7581176757812,549.6431884765625,550.8515014648438,624.8861083984375,625.8539428710938,687.8350219726562,693.0536499023438,0.5122436881065369,0.11469433456659317,0.6036339998245239,0.09636446833610535,0.8520865440368652,0.8977488279342651,0.9924408197402954,0.44821178913116455,0.981236457824707,0.3814455270767212,0.9421830177307129,0.9835315942764282,0.995899498462677,0.9799982905387878,0.9957551956176758,0.9692515730857849,0.9900508522987366,0
1762.431640625,582.1898803710938,141.1121826171875,264.6872253417969,0.0,0.0,1805.7850341796875,0.0,1797.248046875,1765.43408203125,1780.92822265625,0.0,1783.9482421875,0.0,1815.838134765625,1728.367431640625,1738.98193359375,1724.849365234375,1743.554443359375,1705.031494140625,1725.700927734375,0.0,0.0,474.8125,0.0,469.96856689453125,485.5075378417969,486.85577392578125,0.0,522.9158325195312,0.0,536.814208984375,546.5814208984375,547.5533447265625,622.4833984375,622.6395263671875,685.52099609375,689.2400512695312,0.46928125619888306,0.07329076528549194,0.5574848055839539,0.06804008781909943,0.8584706783294678,0.8912734985351562,0.9940592050552368,0.34449130296707153,0.9834511280059814,0.32069528102874756,0.9531169533729553,0.9887485504150391,0.9976829290390015,0.9912563562393188,0.9985381364822388,0.986506462097168,0.9963445067405701,0
1783.017578125,579.3143310546875,152.896484375,268.1756591796875,0.0,0.0,1820.7880859375,0.0,1811.991455078125,1777.8577880859375,1797.320068359375,0.0,1812.7174072265625,0.0,1842.261474609375,1746.936279296875,1758.82275390625,1744.2637939453125,1761.39404296875,1721.47021484375,1742.32666015625,0.0,0.0,472.84393310546875,0.0,466.5846862792969,480.8896179199219,481.646484375,0.0,515.6719970703125,0.0,523.5763549804688,541.7433471679688,542.8529052734375,618.8515014648438,619.7423095703125,680.194580078125,687.883544921875,0.45682618021965027,0.07180291414260864,0.5657415986061096,0.07198292016983032,0.871525764465332,0.869334876537323,0.9949939846992493,0.2532562017440796,0.9845167994499207,0.22265882790088654,0.9475486874580383,0.9872762560844421,0.9978334307670593,0.9902309775352478,0.9986425042152405,0.9858560562133789,0.9966809153556824,0
1803.91748046875,576.9796142578125,165.0667724609375,270.68536376953125,0.0,0.0,1840.266845703125,0.0,1832.43408203125,1797.6484375,1821.572265625,0.0,1845.432861328125,0.0,1869.4273681640625,1765.298095703125,1779.84130859375,1762.30322265625,1777.7314453125,1738.4622802734375,1757.7410888671875,0.0,0.0,469.939453125,0.0,465.5657958984375,479.9447021484375,483.965087890625,0.0,512.0711059570312,0.0,513.8178100585938,543.0380249023438,545.5684204101562,615.8799438476562,616.8018798828125,673.3155517578125,681.2200317382812,0.4404880702495575,0.08847108483314514,0.5490967631340027,0.10439012944698334,0.8665591478347778,0.8850938677787781,0.9948602318763733,0.3002760410308838,0.9829066395759583,0.2510642409324646,0.9384270906448364,0.989043116569519,0.9979141354560852,0.9911386370658875,0.9985718727111816,0.9872079491615295,0.9966822266578674,5
1822.998046875,576.4400634765625,169.862060546875,272.18463134765625,0.0,0.0,0.0,0.0,1852.18701171875,1814.4114990234375,1838.720703125,0.0,1864.145263671875,0.0,1890.28515625,1786.45947265625,1800.820068359375,1780.514892578125,1798.6787109375,1756.8658447265625,1776.35888671875,0.0,0.0,0.0,0.0,463.267822265625,477.46746826171875,478.57574462890625,0.0,504.89495849609375,0.0,506.8922119140625,539.3428955078125,540.453857421875,613.7022705078125,614.4913940429688,674.4049682617188,675.6439819335938,0.39777901768684387,0.05750320479273796,0.49768126010894775,0.09569115191698074,0.8964009284973145,0.9260330200195312,0.9967304468154907,0.3477995991706848,0.9865254163742065,0.25036078691482544,0.9424653649330139,0.9920295476913452,0.9984883069992065,0.9920857548713684,0.9987331032752991,0.9863061904907227,0.9964137673377991,0
1836.767578125,575.089599609375,166.4649658203125,272.62225341796875,0.0,0.0,1879.9676513671875,0.0,1872.4119873046875,1831.49658203125,1863.239501953125,0.0,1896.613525390625,0.0,1906.7548828125,1801.202392578125,1821.283447265625,1797.01708984375,1815.756103515625,1771.483642578125,1790.794677734375,0.0,0.0,468.2857360839844,0.0,461.18560791015625,472.75811767578125,475.3719177246094,0.0,499.71063232421875,0.0,493.60089111328125,541.48388671875,542.6756591796875,613.719482421875,614.8309326171875,672.3707275390625,676.7491455078125,0.43645408749580383,0.07714955508708954,0.5457075238227844,0.11428222805261612,0.8908873796463013,0.9077700972557068,0.9941896200180054,0.2869832217693329,0.9724587202072144,0.19573722779750824,0.8974074721336365,0.9825300574302673,0.9960998296737671,0.9792708158493042,0.9961483478546143,0.9657770395278931,0.9898255467414856,0
1844.64013671875,575.2469482421875,150.7198486328125,272.66156005859375,0.0,0.0,0.0,0.0,1890.41357421875,1851.9554443359375,1879.3447265625,0.0,1897.957275390625,0.0,1907.0511474609375,1821.291748046875,1838.0870361328125,1818.793212890625,1835.2763671875,1787.7286376953125,1802.06494140625,0.0,0.0,0.0,0.0,460.80718994140625,470.5192565917969,472.80596923828125,0.0,491.196044921875,0.0,495.6642150878906,539.4691162109375,540.9095458984375,614.3758544921875,615.6361083984375,668.0745239257812,680.4171142578125,0.32508817315101624,0.05647379159927368,0.40974780917167664,0.09460822492837906,0.843994140625,0.9086425304412842,0.9892799258232117,0.296123206615448,0.9351288676261902,0.16718411445617676,0.7697585225105286,0.9862015843391418,0.9956501126289368,0.9879012107849121,0.9967118501663208,0.9827873706817627,0.9932188391685486,0
1854.181640625,575.4005126953125,131.6365966796875,268.64422607421875,0.0,0.0,0.0,0.0,0.0,1874.024169921875,1899.8441162109375,0.0,1907.212158203125,0.0,0.0,1841.559814453125,1857.213623046875,1835.7110595703125,1852.6351318359375,1806.6982421875,1820.02783203125,0.0,0.0,0.0,0.0,0.0,467.7378845214844,474.7364501953125,0.0,494.1596374511719,0.0,0.0,537.7197265625,540.3155517578125,613.764404296875,615.589111328125,670.4912109375,679.420654296875,0.014406703412532806,0.004853265825659037,0.011412467807531357,0.06755281239748001,0.20345526933670044,0.809817910194397,0.8639101386070251,0.4646522104740143,0.6154150366783142,0.22670143842697144,0.30487775802612305,0.9911696910858154,0.9922532439231873,0.9949485063552856,0.9954167604446411,0.9930996894836426,0.9933542013168335,0
1861.9927978515625,577.4992065429688,116.014404296875,265.6662902832031,0.0,0.0,0.0,0.0,0.0,1883.259033203125,1909.83642578125,0.0,0.0,0.0,0.0,1859.251953125,1873.327880859375,1855.121337890625,1866.579833984375,1828.30615234375,1832.154541015625,0.0,0.0,0.0,0.0,0.0,485.8770446777344,492.9637451171875,0.0,0.0,0.0,0.0,543.234130859375,544.9022216796875,615.6043701171875,615.5399780273438,672.505615234375,677.0546875,0.033310022205114365,0.014775860123336315,0.027921507135033607,0.09832418709993362,0.2589578330516815,0.8189921975135803,0.7125466465950012,0.4509112238883972,0.24837376177310944,0.20465530455112457,0.10228119790554047,0.9740667343139648,0.961188018321991,0.986383318901062,0.9767395257949829,0.9868855476379395,0.9795535802841187,0
1871.3173828125,575.74365234375,97.3651123046875,272.3812561035156,0.0,0.0,0.0,0.0,0.0,1897.161865234375,0.0,1858.559814453125,0.0,0.0,0.0,1878.6624755859375,1892.556396484375,1876.7816162109375,1886.5528564453125,1844.87841796875,1852.1978759765625,0.0,0.0,0.0,0.0,0.0,471.4674072265625,0.0,487.4544677734375,0.0,0.0,0.0,541.7111206054688,544.2750244140625,615.84521484375,617.4057006835938,673.0394287109375,680.4235229492188,0.007287183310836554,0.0051693785935640335,0.004005840979516506,0.06253848224878311,0.05131508782505989,0.6772547364234924,0.24911101162433624,0.596114993095398,0.08521464467048645,0.347513347864151,0.05018289387226105,0.9639880657196045,0.8996461033821106,0.9837387800216675,0.9435603022575378,0.9838756918907166,0.957127034664154,0
1881.892578125,590.801513671875,76.2147216796875,242.23974609375,0.0,0.0,0.0,0.0,0.0,0.0,0.0,0.0,0.0,0.0,0.0,1893.7115478515625,1905.5625,1889.8919677734375,1901.5770263671875,1866.5504150390625,1875.197998046875,0.0,0.0,0.0,0.0,0.0,0.0,0.0,0.0,0.0,0.0,0.0,552.2860717773438,552.8425903320312,617.7122802734375,618.8546142578125,674.9188842773438,676.1844482421875,0.00645211199298501,0.0037014561239629984,0.004442044533789158,0.033499475568532944,0.051348328590393066,0.18305833637714386,0.14803119003772736,0.1150248572230339,0.0786036029458046,0.10259326547384262,0.0734524056315422,0.7197727560997009,0.6809052228927612,0.8919752240180969,0.8630415797233582,0.9156879186630249,0.8989458084106445,0
1892.2041015625,597.248046875,55.5916748046875,229.30267333984375,0.0,0.0,0.0,0.0,0.0,0.0,0.0,0.0,0.0,0.0,0.0,0.0,0.0,0.0,1911.916748046875,1889.876708984375,1887.707275390625,0.0,0.0,0.0,0.0,0.0,0.0,0.0,0.0,0.0,0.0,0.0,0.0,0.0,0.0,623.496826171875,675.7552490234375,678.562744140625,0.018178455531597137,0.008847408927977085,0.01615862548351288,0.0267170500010252,0.056402187794446945,0.05438011512160301,0.21383428573608398,0.02510061487555504,0.20832304656505585,0.0337049700319767,0.18440400063991547,0.27535131573677063,0.4664723575115204,0.4808727204799652,0.7027527689933777,0.6812736392021179,0.8144561052322388,0
1903.58154296875,598.0941772460938,32.8367919921875,224.83627319335938,0.0,0.0,0.0,0.0,0.0,0.0,0.0,0.0,0.0,0.0,0.0,0.0,0.0,0.0,0.0,0.0,0.0,0.0,0.0,0.0,0.0,0.0,0.0,0.0,0.0,0.0,0.0,0.0,0.0,0.0,0.0,0.0,0.0,0.0,0.022104280069470406,0.01097747404128313,0.01663477160036564,0.015300123952329159,0.03123694844543934,0.02723824419081211,0.09505090117454529,0.02248912863433361,0.16397249698638916,0.04601852223277092,0.18846771121025085,0.1736985146999359,0.2942315638065338,0.23357872664928436,0.4081710875034332,0.3095761835575104,0.46502745151519775,0
0.0,0.0,0.0,0.0,0.0,0.0,0.0,0.0,0.0,0.0,0.0,0.0,0.0,0.0,0.0,0.0,0.0,0.0,0.0,0.0,0.0,0.0,0.0,0.0,0.0,0.0,0.0,0.0,0.0,0.0,0.0,0.0,0.0,0.0,0.0,0.0,0.0,0.0,0.0,0.0,0.0,0.0,0.0,0.0,0.0,0.0,0.0,0.0,0.0,0.0,0.0,0.0,0.0,0.0,0.0,0
0.0,0.0,0.0,0.0,0.0,0.0,0.0,0.0,0.0,0.0,0.0,0.0,0.0,0.0,0.0,0.0,0.0,0.0,0.0,0.0,0.0,0.0,0.0,0.0,0.0,0.0,0.0,0.0,0.0,0.0,0.0,0.0,0.0,0.0,0.0,0.0,0.0,0.0,0.0,0.0,0.0,0.0,0.0,0.0,0.0,0.0,0.0,0.0,0.0,0.0,0.0,0.0,0.0,0.0,0.0,0
0.0,0.0,0.0,0.0,0.0,0.0,0.0,0.0,0.0,0.0,0.0,0.0,0.0,0.0,0.0,0.0,0.0,0.0,0.0,0.0,0.0,0.0,0.0,0.0,0.0,0.0,0.0,0.0,0.0,0.0,0.0,0.0,0.0,0.0,0.0,0.0,0.0,0.0,0.0,0.0,0.0,0.0,0.0,0.0,0.0,0.0,0.0,0.0,0.0,0.0,0.0,0.0,0.0,0.0,0.0,0
0.0,0.0,0.0,0.0,0.0,0.0,0.0,0.0,0.0,0.0,0.0,0.0,0.0,0.0,0.0,0.0,0.0,0.0,0.0,0.0,0.0,0.0,0.0,0.0,0.0,0.0,0.0,0.0,0.0,0.0,0.0,0.0,0.0,0.0,0.0,0.0,0.0,0.0,0.0,0.0,0.0,0.0,0.0,0.0,0.0,0.0,0.0,0.0,0.0,0.0,0.0,0.0,0.0,0.0,0.0,0
0.0,0.0,0.0,0.0,0.0,0.0,0.0,0.0,0.0,0.0,0.0,0.0,0.0,0.0,0.0,0.0,0.0,0.0,0.0,0.0,0.0,0.0,0.0,0.0,0.0,0.0,0.0,0.0,0.0,0.0,0.0,0.0,0.0,0.0,0.0,0.0,0.0,0.0,0.0,0.0,0.0,0.0,0.0,0.0,0.0,0.0,0.0,0.0,0.0,0.0,0.0,0.0,0.0,0.0,0.0,0
0.0,0.0,0.0,0.0,0.0,0.0,0.0,0.0,0.0,0.0,0.0,0.0,0.0,0.0,0.0,0.0,0.0,0.0,0.0,0.0,0.0,0.0,0.0,0.0,0.0,0.0,0.0,0.0,0.0,0.0,0.0,0.0,0.0,0.0,0.0,0.0,0.0,0.0,0.0,0.0,0.0,0.0,0.0,0.0,0.0,0.0,0.0,0.0,0.0,0.0,0.0,0.0,0.0,0.0,0.0,0
0.0,0.0,0.0,0.0,0.0,0.0,0.0,0.0,0.0,0.0,0.0,0.0,0.0,0.0,0.0,0.0,0.0,0.0,0.0,0.0,0.0,0.0,0.0,0.0,0.0,0.0,0.0,0.0,0.0,0.0,0.0,0.0,0.0,0.0,0.0,0.0,0.0,0.0,0.0,0.0,0.0,0.0,0.0,0.0,0.0,0.0,0.0,0.0,0.0,0.0,0.0,0.0,0.0,0.0,0.0,0
